date,title,content
2022-10-03,"배우 박민영 교제설 터진 회사 인바이오젠 이사진, 재벌 뺨치는 고위급들","배우 박민영(오른쪽)이 재력가 강종현(왼쪽)씨와 열애설이 불거졌다. 사진은 강씨의 차에서 내리는 박민영과 강씨. /디스패치배우 박민영씨가 실소유주와 교제 중이라면서 화제가 된 회사가 있다. 회사 이름은 인바이오젠. 이름은 바이오회사처럼 보이지만 주업은 신발 제조와 판매와 키오스크 유통 사업이다. 2008년 03월 설립, 2008년 04월 유가증권시장에 상장됐으며, 이름이 여러 번 바뀌었다. 아티스에서 비티원을 거쳐 2020년 인바이오젠이 됐다. 2020년 바이오 산업 진출을 천명하면서 사명도 바꾼 것으로 보이지만 아직 구체적인 사업 계획은 내놓지 않고 있다.상장회사지만 기업 실적은 바닥이다. 지난해 매출액 105억원에 영업이익이 -79억원이다. 올 상반기도 35억원 매출에 영업이익 -13억원을 기록했다. 주가는 2020년 ‘바이오’란 이름을 달면서 급상승해 7800원까지 올랐지만 그 뒤 꾸준히 떨어져 지금은 1255원(9월30일 기준)이다. 인바이오젠 대표는 강지연(38) 버킷스튜디오 대표가 겸임하고 있다. 박민영씨와 교제설이 터졌던 강모씨 동생이다. 버킷스튜디오는 배우 이정재씨가 세운 아티스트컴퍼니 대주주이기도 하다.더 특이한 건 인바이오젠 임원 명단이다. 매출액 100억원짜리 회사에 사내 이사로 전 동아일보 논설위원 홍모(63)씨, 경찰 출신으로 서울중앙지검 직원을 지낸 구모(54)씨, 모건스탠리와 시티그룹을 거친 이모(49) 빗썸코리아 부사장이 이름을 올리고 있다.사외 이사 명단도 만만치 않았다. 이모(63) 전 대통령 직속 국가경쟁력위원회 국장, 김모(48) 전 청주지검 검사(현 S법무법인 변호사), 선우 모(76) S신경과 원장(전 연세대 의대 교수)가 선임되어 있었다.그런데 지난 3월 박민영씨 언니인 박민아씨가 새로 사외이사로 선임되면서 변화가 생겼다. 선우 원장과 김모 전 검사가 사외 이사 직을 내려놓았다. 각각 임기가 1년 8개월, 1년 7개월씩 남아 있던 상태였다. 인바이오젠은 “일신 상 이유”라고 사임 이유를 설명했다.선우 원장과 김모 전 검사 대신 사외 이사로 선임된 인물은 박민아씨, 그리고 박씨와 동문(컬럼비아대·싱가포르 국립대)인 이모(52) 싱가포르국립대 교수다. 이 교수는 사외 이사가 된 지 3개월만인 6월 “일신 상 이유”로 사임했고, 박씨는 최근 동생 박민영씨가 언론 구설에 오르자 바로 사임했다.감사는 더 이채롭다. 박기춘(66) 전 국회의원이 맡고 있다. 그는 17~19대 국회의원을 지냈고, 민주통합당(현 더불어민주당) 원내 대표까지 역임한 중견 정치인이다. 이사나 감사 명단만 따지면 “왠만한 재벌 기업 계열사 버금간다”는 말이 나오는 게 이상하지 않은 실정이다."
2022-10-07,"검찰, 빗썸 관계사 인바이오젠 등 압수수색… 대표진 횡령 혐의","서울남부지방검찰청 /뉴스1가상자산거래소 빗썸 최대주주와 경영진의 횡령 혐의를 수사 중인 검찰이 빗썸인바이오젠과 비덴트 등 빗썸 관련 회사 여러 곳을 압수수색했다. 서울남부지검 금융조사2부(부장 채희만)는 7일 인바이오젠 및 비덴트, 버킷스튜디오 등에서 회계 관련 자료 등을 확보 중이라고 밝혔다.코스닥 상장사 비덴트는 ‘빗썸홀딩스’의 지분 34.22%를 보유하고 있는 빗썸의 단일 최대 주주다. 빗썸홀딩스는 빗썸코리아 지분 73.6%를 보유하고 있는데, 빗썸을 운영하는 회사가 빗썸코리아이다. 다만 빗썸 자체는 이번 압수수색 대상에서 제외된 것으로 알려졌다.이번 압수수색에 포함한 인바이오젠과 버킷스튜디오는 배우 박민영씨와 열애설이 났던 강종현씨의 여동생 강지연씨가 대표이사로 있는 곳으로, 강지연씨는 빗썸홀딩스의 사내이사도 겸하고 있는 인물이다. 강지연씨는 주식회사 ‘이니셜’의 지분 100%를 보유하고 있기도 한데, 주식회사 ‘이니셜’은 ‘이니셜1호투자’의 최대 지분을, ‘이니셜1호투자’는 ‘버킷스튜디오’의 지분을, ‘버킷스튜디오’는 ‘인바이오젠’의 지분을 소유하는 등 연쇄 구조를 갖고 있다.이 과정에서 전환사채(CB)를 통한 수상한 자금흐름 의혹이 불거진 상태다. 버킷스튜디오의 2021년 매출액은 264억원, 영업손실은 79억원이고 비덴트의 2021년 매출액은 177억원, 영업이익은 8억원에 불과하다. 하지만 비덴트와 인바이오젠, 버킷스튜디오는 강지연씨가 취임한 2020년 8월 이후CB와 주식연계채권(BW), 전환우선주를 7813억원어치를 발행했다. 이후 전환권 행사가 가능한 날 글로벌 가상자산거래소 중 하나인 ‘FTX가 빗썸 인수를 추진 중’이라는 보도를 내보내며 주가 상승을 유도했다는 의혹을 받고 있다.빗썸은 지난달 30일 “당사는 창사 이래 김모 전 회장을 제외하고는 회장이라는 직함을 둔 적도 없고, 언론 보도에 언급된 강모 씨는 당사에 임직원 등으로 재직하거나 경영에 관여한 사실이 없다”면서 강종현씨와의 관련성을 부인했다."
2024-01-15,"前남친 강종현에 2.5억 생활비?… 박민영, 직접 입 열었다","배우 박민영./ 박민영 인스타그램배우 박민영(37)이 옛 연인이자 가상화폐 거래소 ‘빗썸’ 실소유주 의혹을 받은 강종현(41)씨에게 현금 2억5000만원을 받았다는 보도가 나오자 “지겹다”는 심경 글을 올렸다.박민영은 15일 인스타그램에 “Sickofitall(다 지긋지긋하다). 하지만 진심은 반드시 통한다는 말을 믿고 이제 나는 콩알들을 지켜줄 단단한 마음이 생겼다. 걱정 마요”라고 적었다. 이와 함께 박민영은 엄지를 치켜들고 윙크하고 있는 사진을 올렸다.앞서 이날 디스패치는 “강씨가 계열사 돈을 대여금 방식으로 인출해 박민영에게 생활비 명목으로 지급했다”며 “2억 5000만원이 박민영 개인 계좌로 입금됐다”고 보도했다.이에 대해 소속사 후크엔터테인먼트는 같은 날 입장문을 내고 “강씨가 박민영 계좌를 차명으로 사용한 사실과 관련해 박민영이 검찰 참고인 조사를 받았고 이를 통해 불법적 일에 가담하거나 불법적 이익을 얻은 사실이 없다는 점을 명백히 밝혔다”고 했다. 그러면서 “언급된 2억5000만원 역시 강씨에 의해 계좌가 사용된 것일 뿐 생활비로 사용된 것이 아니다”라고 반박했다.이어 “그동안 사실이 아닌 내용들로 오해를 많이 받았다. 그럼에도 많은 분의 질타를 받아들이고 신중하지 못하게 행동한 점에 대해 후회와 반성을 했다”며 “좋은 연기를 보여드리는 것만이 배우로서 해야 할 일이라 생각해 본업에 매진하고 있다. 더 이상 근거 없는 흠집 내기 식 의혹 제기로 명예를 훼손하는 일이 반복되지 않기를 바란다”고 했다.가상화폐거래소 빗썸의 실소유주로 알려진 사업가 강종현씨가 지난해 2월 1일 오전 서울 양천구 서울남부지방법원에서 열린 특정경제범죄가중처벌법상 횡령·배임, 자본시장법상 사기적 부정거래 혐의 관련 구속 전 피의자 심문(영장실질심사)에 출석하고 있다./뉴스1강씨는 빗썸의 실소유주로 관계사인 인바이오젠과 버킷스튜디오를 통해 빗썸을 실질 지배했다는 의혹을 받는 인물이다. 2020년부터 2022년 9월까지 친동생 강지연 대표와 공모해 관계사에서 628억 원가량을 빼돌리고 주가를 조작해 부당이득을 챙긴 혐의를 받는다. 구속 상태로 재판을 받다가 지난달 보석 석방됐다.박민영은 빗썸 사태 당시 강씨와의 교제 사실이 알려졌으나 열애설 보도 이틀 만에 결별을 알렸다. 그러나 이 과정에서 박민영의 친언니가 인바이오젠 사외이사로 등기돼 있다는 사실이 드러났고, 박민영은 지난해 2월 사건 참고인으로 검찰 조사를 받아야 했다. 당시 박민영은 사건과 아무 관련이 없다는 취지의 진술을 한 것으로 전해졌다."
2023-01-26,"검찰, 빗썸 실소유주 강종현 구속영장...관계사 횡령·배임 혐의","/뉴스1서울남부지방검찰청가상화폐 거래소 ‘빗썸’ 관계사 경영진들의 횡령 혐의를 수사 중이던 검찰이 빗썸의 실소유주로 알려진 사업가 강종현씨에 대해 구속영장을 청구했다.서울남부지검 금융조사2부(채희만 부장검사)는 특정경제범죄가중처벌법상 배임·횡령, 자본시장법상 사기적 부정거래 혐의로 강씨와 빗썸 관계사 임원 2명 등 3명의 구속영장을 청구했다고 25일 밝혔다. 강씨는 배우 박민영과의 열애설이 불거졌던 인물로, 당시 그가 버킷스튜디오와 인바이오젠 등 빗썸 관계사의 회장이라고 적힌 명함을 들고 다닌다는 점에서 빗썸의 ‘실소유주’라는 의혹이 제기됐다.검찰은 이달 강씨를 두 차례 소환해 조사했고, 동생 강지연 씨도 한차례 불러 조사했다.검찰은 지난해 10월 강 씨와 여동생 강지연씨가 공모해 회삿돈을 빼돌리거나 주가를 조작한 정황을 포착해 빗썸의 관계사인 비덴트와 인바이오젠·버킷스튜디오 등을 압수수색하며 수사에 들어갔다.이들은 여러 개의 회사를 소유해 지분을 연쇄적으로 보유하는 과정에서 전환사채(CB)를 통해 불법적으로 자금흐름이 이뤄지도록 한 의혹을 받는다.빗썸홀딩스 최대 주주는 지분 34.22%를 보유하고 있는 코스닥 상당자 비텐트로, 이 비텐트의 최대 주주는 키오스크 유통업체인 인바이오젠, 인바이오젠의 최대 주주는 콘텐츠 유통업체 버킷스튜디오다. 이 가운데 인바이오젠과 버킷스튜디오는 강지연씨가 대표이사로 있다."
2023-02-25,"루나·빗썸·위믹스… 쏟아지는 ‘코인사태’에도 검찰 수사 난항, 왜","수사·금융 당국이 가상화폐나 국내 거래소에 대한 동시다발적인 조사에 착수했지만 혐의 적용, 위법성 판단 등 조사 진척이 더딘 것으로 25일 전해졌다. 정부의 규제 방침이나 가이드라인이 분명치 않으며, 사실상 가상화폐에 대한 수사는 미지의 영역이라는 것이다. 법조계에선 “문재인 정부에서 방치된 당국의 가상화폐 관련 수사 의지가 현 정부에 어떻게 바뀔 지 주목된다”는 평가가 나온다.지난 달 29일 서울 서초구 빗썸 고객지원센터 모니터에 비트코인과 알트코인의 시세가 보이고 있다. /뉴시스가상화폐 거래소를 통해서 거래되는 가상화폐는 세계적으로 1만 종이 훌쩍 넘는다. 끊임없이 새로운 가상화폐가 만들어지고 있으며ICO(InitialCoinOffering·가상화폐 공개)를 통해 시장으로 유통된다. 그나마 2021년 3월 ‘특정 금융거래정보의 보고 및 이용 등에 관한 법률(특금법)’이 시행되면서 그해 10월부터 실명 계좌를 발급해준 은행이 가상화폐 거래소의 상장 기준과 심사 과정 등을 확인하도록 했다. 하지만 금융 당국의 규제를 받기 시작한 2021년 10월 이전에 상장한 코인들의 투자 리스크가 여전히 크다는 평가가 나온다.권도형 테라폼랩스 최고경영자(CEO)./뉴스1가상화폐 투자자들에게 50조원 넘는 피해를 준 ‘루나 사태’가 대표적이다. 루나 사태는 작년 5월 권도형 대표의 테라폼랩스가 발행한 가상화폐 테라와 루나의 가격이 99% 이상 폭락한 사건이다. 당시 루나와 테라가 상호 보완적으로 가격을 유지하도록 설계돼 있던 체계가 갑자기 깨지면서 피해액이 걷잡을 수 없이 불어났다.권도형씨는 테라와 루나의 가격이 동반 폭락할 수 있다는 점을 알면서도 투자자들에게 이를 제대로 알리지 않았다는 혐의를 받고 있지만 여전히 해외에서 머무르고 있다. 사실상 검찰 수사가 ‘개점 휴업’ 상태라는 것이다.권씨는 루나 사태가 터지기 직전인 작년 4월 싱가포르로 출국했고, 그 뒤 아랍에미리트 두바이 등을 경유해 현재 동유럽 국가인 세르비아에 들어간 것으로 수사당국은 파악하고 있다. 검찰은 권씨가 수사를 피하기 위해 해외 도피 중인 것으로 보고 있다. 그러나 권씨는 트위터, 언론 인터뷰 등을 통해 “나는 도주하고 있지 않다”고 주장하고 있다.서울 서초구 빗썸고객센터./뉴스1국내 가상화폐 거래소들이 신규 코인 상장 절차를 투명하게 공개하지 않고 깜깜이로 운영하는 경우가 많다는 지적도 나온다. 그 피해가 투자자들에게 돌아간다는 것이다.수사당국은 국내 가상화폐 거래소 ‘빗썸’ 관련 자금 최소 1200억원대 안팎이 해외로 유출된 것으로 의심하고 있다. 빗썸을 운영하는 회사인 빗썸코리아는 2019년 전후 싱가포르에 설립된 빗썸글로벌홀딩스의 최대주주인BK컨소시엄(BTHMB)에 신규 가상화폐 상장 대행 권한을 부여한 것으로 전해졌다. 이 과정에서BTHMB대표를 지낸 중국 국적의 A씨가 가상화폐 개발 업체 40여 곳으로부터 상장 비용, 마케팅 비용 등 수수료 명목으로 한 곳당 30억원을 받았다는 것이다. 이 의혹과 관련해 이재원 현 빗썸코리아 대표 등도 수사 선상에 오른 것으로 전해졌다.이와 관련 서울남부지검 금융조사1부(부장 이승형 부장)는 지난 1월 말 서울 강남구에 있는 빗썸을 압수 수색해 빗썸에서 거래된 가상화폐의 거래 내역 등을 확보했다고 한다. 비슷한 시기인 지난 1월 중순 서울지방국세청 조사4국은 빗썸을 운영하는 빗썸코리아, 빗썸홀딩스 등에 대한 특별 세무조사에 착수한 것으로 알려졌다.수사당국은 빗썸 관련자들에게 ‘특경가법상 재산 국외 도피’ 혐의 적용을 검토 중이다. 국내로 들여와야 할 자산을 법령을 위반해 국외로 은닉 또는 처분했다는 것이다. 하지만 법조계에선 “중국 국적의 A씨가 받은 가상화폐 관련 수수료는 재산 국외 도피 혐의의 구성 요건인 ‘국내 반입 의무가 있는 재산’이 아니므로 죄가 되지 않는다”는 주장도 있어 수사당국은 혐의 적용에 어려움을 겪고 있는 것으로 알려졌다.빗썸 실소유 의혹을 받고 있는 강종현씨가 영장실질심사를 받기 위해 1일 서울남부지법에 들어서고 있다./뉴스1또 서울남부지검 금융조사2부(부장 채희만)는 빗썸 관계사 경영진의 횡령 혐의를 포착해 수사 중이기도 하다. 검찰은 작년 10월 빗썸 관계자인 인바이오젠, 비덴트, 버킷스튜디오 등을 압수 수색해 회계 관련 자료 등을 확보했다. 비덴트는 빗썸홀딩스의 지분 34.22%를 보유한 단일 최대 주주이며, 인바이오젠과 버킷스튜디오의 대표를 지낸 강지연씨는 빗썸홀딩스의 사내이사를 맡은 바 있다. 강지연씨는 지난 2020년 230억원으로 비덴트, 인바이오젠, 버킷스튜디오 등 3개사를 사들였는데, 이 인수 대금이 강씨의 오빠인 강종현씨가 횡령한 금액 중 일부 아니냐는 의혹이 제기돼 있다. 강종현씨는 최근 배우 박민영씨와 열애설이 불거졌던 인물이다.2일 오후 서울 강남구 가상자산 거래소 업비트 건물 앞에서 위믹스 투자자들이 위믹스 상장 폐지 이유 공개와 투자자 피해보상 촉구 집회를 하고 있다./뉴스1국내 게임사 위메이드가 발행한 가상화폐 ‘위믹스’는 작년 12월 법원에서 상장폐지가 확정되기도 했다. 국내 4개 주요 가상화폐 거래소는 작년 11월 “유통 물량을 제대로 공시하지 않고, 정보를 투명하게 공개하지 않았다”며 위믹스 상장폐지를 결정했는데, 위메이드가 이에 반발해 법원에 효력정지 가처분 신청을 제기했으나 기각당한 것이다.이에 따라 4개 거래소의 국내시장 점유율 98%가 넘었던 위믹스는 작년 12월 8일부터 4개 거래소에서 사고팔 수 없게 됐고, 위믹스 가격은 폭락했다. 상장폐지에 따른 개인 투자자들의 손실이 수천억원에 달하게 된 것이다.가상화폐 업계에선 “정부의 전향적인 대책 없이는 비대칭한 정보를 가지고서 가상화폐 시장에 뛰어드는 투자자들을 대상으로 제2, 제3의 피해가 계속 발생할 것”이라는 얘기가 나온다. 한 업계 관계자는 “국내 첫 대형 가상화폐 범죄였던 루나 사태의 권도형씨가 해외로 도피해 여전히 사법 처리되지 않고 있는 상황인데다 검찰이나 국세청 등이 가상화폐 관련 범죄에 대한 엄단 의지가 느껴지지 않는다”며 “이대로라면 개인 투자자들은 계속 피해를 입고 국내 자산은 해외로 반출될 것”이라고 했다."
2023-02-22,"“강종현 공범 잡아라”...檢, 빗썸 관계사 ‘비덴트’ 압수수색","서울남부지방검찰청 모습. /뉴스1빗썸 관계사 횡령 의혹을 수사 중인 검찰이 빗썸 관계사 중 하나인 ‘비덴트’를 압수수색했다.서울남부지검 금융조사2부(부장검사 채희만)는 오전부터 비덴트에 압수수색을 진행하고 있다고 22일 전했다. 검찰 관계자는 “구속 기소된 빗썸 실소유주 강종현씨의 공범을 수사하기 위한 것”이라고 밝혔다.디스플레이 제조 기업 비덴트는 빗썸코리아의 지분 34.22%를 보유한 최대주주다. 비덴트의 최대 주주는 인바이오젠이고 인바이오젠 최대 주주는 콘텐츠 유통업체인 버킷스튜디오다. 빗썸의 ‘실소유주’로 알려진 강종현씨와 인바이오젠과 버킷스튜디오 대표인 동생 강지연씨는 이들 관계사의 지분을 연쇄적으로 보유하는 과정에서 전환사채(CB)를 통해 불법적으로 자금흐름이 이뤄지도록 했다는 의혹을 받는다.앞서 강종현 씨는 특정경제범죄가중처벌법상 배임·횡령, 자본시장법상 사기적 부정거래 혐의로 지난 20일 구속 기소됐다. 강 씨의 첫 재판은 다음 달 22일 이뤄질 예정이다."
2022-10-27,"검찰, ‘빗썸 실소유주 의혹’ 사업가 강씨 출국금지","압수수색 직전 자료 빼돌린 임원에 대해서는 구속영장 청구서울 강남구 빗썸 고객상담센터 모습./뉴스1가상화폐 거래소 ‘빗썸’ 관계사 경영진들의 횡령 혐의를 수사 중인 검찰이 빗썸의 실소유주라는 의혹이 불거진 사업가 강모(40)씨를 출국금지했다. 또한 검찰은 한 관계사 임원에 대해서는 강제수사를 벌이기 직전 회사 자료를 빼돌렸다며 구속영장을 청구했다.서울남부지검 금융조사2부(부장 채희만)는 최근 강씨를 출국금지하는 한편, 버킷스튜디오 임원 A씨에 대해 증거인멸 혐의로 26일 구속영장을 청구했다고 27일 밝혔다. 강씨는 최근 배우 박민영씨와 열애설이 불거졌던 인물로, 당시 그가 버킷스튜디오와 인바이오젠 등 빗썸 관계사의 회장이라고 적힌 명함을 들고 다닌다는 점에서 빗썸의 ‘실소유주’라는 의혹이 제기됐다.실제 강씨와 그의 여동생인 강지연(38)씨가 빗썸 관계사들을 관리하고 있다는 정황이 포착된 바 있다. 빗썸 운영사인 빗썸코리아의 최대 주주는 비덴트이고, 비덴트의 최대 주주가 인바이오젠인데, 인바이오젠의 최대 주주가 버킷스튜디오다. 그리고 버킷스튜디오의 지분을 20%쯤 소유한 ‘이니셜1호투자’의 최대 주주는 ‘이니셜’이란 주식회사다. 이니셜의 지분 100%를 소유한 이가 바로 강지연씨로, 그는 이니셜 뿐만 아니라 버킷스튜디오와 인바이오젠 대표도 겸임하고 있다.이와 관련해 검찰은 강씨 남매를 포함한 빗썸 관계사 경영진들이 회삿돈을 빼돌리고 주가를 조작한 정황을 포착하고, 7일 관계사들에 대해 압수수색을 진행하는 등 수사를 벌이고 있다.A씨 등 회사 임원진 3명은 검찰의 압수수색 등 강제수사가 진행되기 직전 회사 주요 자료를 ‘비밀 사무실’로 빼돌리고 폐쇄(CC)TV를 삭제한 혐의를 받는다. 검찰은 A씨에 대해 구속영장을 청구하며, 증거인멸에 나선 배경에 강씨 남매의 지시가 있었는지 등도 조사하고 있는 것으로 전해졌다.한편 A씨에 대한 구속영장 실질심사는 28일 오전 10시 30분 서울남부지법에서 열릴 예정이다."
2022-10-11,빗썸·쌍방울 불공정거래 의혹...이복현 “적극 대처하겠다”,"이복현 금융감독원장이 11일 서울 여의도 국회에서 열린 정무위원회의 금융감독원 국정감사에서 의원들의 질의에 답변하고 있다. /2022.10.11 국회사진기자단이복현 금융감독원장은 11일 가상자산 거래소 빗썸을 인수한 비덴트나 쌍방울 등 코스닥 상장사들의 전환사채(CB)와 신주인수권부사채(BW)를 활용한 불공정거래 의혹에 대해 “적극 대처하겠다”고 밝혔다.이 원장은 이날 국회에서 열린 정무위원회 국정감사에서 “상장사라는 프리미엄을 이용한 이상한 플레이를 통해 특정인들이 수익을 가져가는 게 분명하지 않나. 금감원이 이에 신경 써야 한다”는 윤창현 국민의힘 의원의 지적에 이같이 답했다.이 원장은 “최근 몇 년간 사모펀드나 투자조합 형태로 규제를 회피하면서 실질적으로는 일반 투자자들에게 영향을 끼치거나 미공개정보를 이용한 시장 불공정 거래가 있었다”며 “이에 금융감독원이 적극적으로 대처를 했어야 했는데 다소 미진했다는 아쉬움이 있었다”고 했다.이어 “금융감독원이 잘해야 하는 부분도 있지만 검찰이나 금융위원회와 협의해야 하는 부분도 있는데 각 기관과의 협의 결연성이 떨어졌다”며 “각자 역할에 대해 주인의식이 부족했던 부분이 있었다”고 설명했다.그러면서 “지적한 대로CB,BW와 관련한 시장교란 행위에 대해 저희도 유념해 보고 있다”며 “다만 개별 종목과 관련해서는 검찰이나 수사기관에서 많이 진행 중이라 필요한 부분은 수사기관에 협조를 하되 이것과 관련해 구체적으로 말씀드리기는 조심스러운 측면이 있다”고 덧붙였다.앞서 윤창현 의원은 빗썸과 관계사인 인바이오젠, 비덴트, 버킷스튜디오 간 불공정 거래 의혹을 제기했다. 검찰은 지난 7일 빗썸 관계사 경영진의 횡령 혐의를 포착해 인바이오젠과 비덴트 등 관련 회사들을 압수수색했다.코스닥 상장사인 비덴트는 빗썸홀딩스의 지분 34%를 보유한 단일 최대 주주다. 비덴트의 최대 주주는 인바이오젠, 인바이오젠의 최대 주주는 버킷스튜디오로 연결되는 구조다. 인바이오젠과 버킷스튜디오 모두 최근 배우 박민영씨와 열애설이 났던 강종현씨의 동생 강지연씨가 대표이사로 있다.윤 의원은 “문제가 된 빗썸 회장의 명함을 들고 다니시는 이분의 실태가 밝혀졌는데 관련 회사인 비덴트와 인바이오젠, 버킷스튜디오 등의CB와BW발행을 보면 5000억원 이상 발행했다. 시가총액보다도 많다”고 지적했다.이어 “인수한 주체를 보면 전부 조합들이다. 물론 선량 투자자도 있겠지만 특정 그룹에게 특혜를 주는 몰아주는 것 아니냐는 의심을 사기 충분하다”며 “이런 거래 형태가 쌍방울과 상당히 유사하다. 특정인들의 머니게임의 놀이터가 된 것 같은 흔적이 여러 곳에서 보인다”고 덧붙였다."
2022-10-08,빗썸 관계사 압수수색… 검찰 “경영진 횡령 정황 포착”,"검찰이 가상화폐 거래소 ‘빗썸’ 관계사 경영진의 횡령 혐의를 포착해 7일 인바이오젠과 비덴트 등 관련 회사들을 압수 수색했다. 이 경영진 가운데는 최근 배우 박민영씨와 열애설이 불거진 강모(40)씨가 포함된 것으로 알려졌다.서울남부지검 금융조사2부(부장 채희만)는 이날 인바이오젠 및 비덴트, 버킷스튜디오 등을 압수 수색해 회계 관련 자료 등을 확보했다고 밝혔다. 비덴트와 버킷스튜디오는 코스닥에, 인바이오젠은 코스피에 각각 상장돼 있다.비덴트는 ‘빗썸홀딩스’의 지분 34.22%를 보유한 단일 최대 주주인데, 빗썸홀딩스는 가상화폐 거래소인 빗썸을 운영하는 회사 빗썸코리아의 지분 73.6%를 보유하고 있다. 다만 빗썸은 이번 압수 수색 대상에서 제외된 것으로 알려졌다. 검찰 관계자는 “강씨를 비롯해 빗썸 관계사 일부 경영진의 횡령 정황이 포착돼 강제 수사를 시작한 것”이라고 했다.이번 압수 수색 대상이 된 인바이오젠과 버킷스튜디오는 강씨의 여동생 강지연(38)씨가 대표이사로 있는 곳이다. 그는 빗썸홀딩스의 사내이사도 겸하고 있다. 그는 지난 2020년 230억원으로 비덴트, 인바이오젠, 버킷스튜디오 등 3개사를 사들인 것으로 알려졌다.각 회사는 지분 보유로 서로 얽혀 있다. 비덴트의 최대 주주는 인바이오젠, 인바이오젠의 최대 주주는 버킷스튜디오다. 또 버킷스튜디오 지분 20%쯤을 가진 ‘이니셜1호투자’의 최대 주주인 주식회사 ‘이니셜’은 강지연씨가 지분 100%를 보유하고 있다.그런데 앞서 연예 매체 ‘디스패치’는 박민영씨와 열애설이 불거진 강씨가 인바이오젠과 버킷스튜디오의 실소유자라는 의혹을 제기했다. 그가 강지연 대표의 친오빠이며 ‘비덴트, 인바이오젠, 버킷스튜디오, 빗썸라이브 회장’이라고 적힌 명함을 들고 다닌다는 점 등이 근거로 제시됐다. 하지만 빗썸은 지난달 30일 입장문을 내어 “강씨는 당사에 임직원 등으로 재직하거나 경영에 관여한 사실이 없다”고 관련성을 부인했다."
2022-10-02,"배우 박민영 언니, 사외이사에서 내려왔다… 열애설 하루 만","배우 박민영/뉴스1배우 박민영의 친언니 박모(39)씨가 유가증권시장 상장사 인바이오젠의 사외이사 자리에서 물러났다. 박민영이 인바이오젠 실소유주로 추정되는 강모씨와 교제중이라는 보도가 나온 지 하루 만이다.2일 금융감독원 전자공시시스템에 따르면, 박씨는 지난달 29일 일신상의 사유로 인바이오젠 사외이사에서 자진 사임했다. 박씨의 사임은 지난달 28일 박민영이 인바이오젠 등의 실소유주로 알려진 강씨와 열애 중이라는 보도가 나온 지 하루 만에 이뤄졌다. 이 회사에는 강씨의 동생으로 알려진 강지연씨가 대표이사로 있다.박씨는 현재 감염병학을 연구하는 싱가포르국립대 서스위호크 공중보건대학원 소속 연구원이다. 인바이오젠은 지난 3월 29일 주주총회에서 박씨와 싱가포르 국립대 이 모(某) 교수를 사외이사로 선임했다. 인바이오젠은 반기보고서에서 박씨 선임 배경에 대해 “경영에 대한 풍부한 경험과 역량을 바탕으로 회사의 의사결정에 중요한 역할을 할 것으로 판단해 선임”이라고 적었다. 이 교수는 지난 6월 27일 자진 사임했다.박씨는 임명 이후 지난 6월 말까지 열린 7차례 이사회 가운데 1회 참석했다. 박씨를 포함한 사외이사 2인은 올 상반기까지 2900만원을 받았다. 인당 평균 보수는 1450만원이다.한편 인바이오젠은 “신발 제조 및 판매와 키오스크 유통 사업을 주사업으로 영위하고 있으며, 신규사업으로 F&B사업에 진출했다”고 설명한다. 2020년에는 신약개발, 백신 제품 개발 및 생산 등의 새로운 사업목적을 정관에 추가했다. 올해 상반기 매출액 63억원, 영업손실은 25억원을 기록했다."
2022-09-28,박민영과 열애설 난 재력가 누구?…명함엔 ‘빗썸’ 회장,"tvN‘월수금화목토’으로 돌아온 로코퀸 박민영(37)이 은둔의 재력가 강종현(41)씨와 열애 중이라는 보도가 나온 가운데, 강씨가 국내 2위 가상자산거래소인 빗썸의 숨겨진 주인이라는 의혹이 불거졌다.박민영과 열애 중인 그는 누구?28일 디스패치는 박민영과 강씨와의 데이트 사진을 공개했다. 지난달 3일 명품 브랜드 ‘디올’로 치장한 박민영은 발레 수업이 끝난 뒤 강씨와 함께 강씨의 본가가 있는 강원도 원주로 향했다.배우 박민영(오른쪽)이 재력가 강종현(왼쪽)씨와 열애설이 불거졌다. 사진은 강씨의 차에서 내리는 박민영과 강씨. /디스패치이날 강씨의 어머니는 강씨와 박민영을 직접 배웅하며 각별한 애정을 드러냈다. 가족 모임 후, 강씨의 어머니는 박민영의 허리와 어깨를 감싸며 작별 인사를 나눴다. 이후 강씨의 차량은 박민영이 부모님과 함께 살고 있는 강남구 청담동 고급빌라에 멈췄다. 강종현은 수행기사가 챙긴 선물 상자를 들고 박민영 집으로 들어갔다. 박민영과 강씨의 열애설 보도에 박민영 소속사 후크엔터테인먼트 관계자는 이날 조선닷컴과의 통화에서 “확인해보겠다”고 전했다.그렇다면 강종현은 누구?강종현씨의 이름은 클러버들 인스타그램에서 쉽게 찾을 수 있었다. 그는 2018년 강남 클럽 ‘아레나’ 등에서 술값으로 1억원을 써 화제를 모은 ‘비버팸’ 중 한 명이었다. 강씨는 ‘빅뱅’ 출신 승리(본명 이승현)가 운영했던 강남 클럽 버닝썬에서도 한병에 300만원에 달하는 아르망디를 수십병 주문해 클러버들에게 환호를 받은 바 있다.재력가 강종현이 2018년 8월 클럽 '버닝썬'에서 구매한 샴페인들/인스타그램강씨가 클럽,SNS에서 쓰는 닉네임은 재스퍼(Jasper). 강씨는 고가의 술을 구매한 뒤, 클럽 전광판에 자신의 닉네임과 메시지를 띄우며 자신의 재력을 과시했다. 2018년 10월 자신의 생일에는 아르망디 30병, 루이 13세(병당 1200만원)를 구매했고, 지인 생일 때는 엔젤로제(병당 170만원) 50병, 루이 13세 10병, 아르망디 10병을 샀다. 비버팸의 정체는 아직 알려진 바 없다. 소문만 무성하다. 일각에서는 코인 등으로 돈을 번 젊은 사업가의 모임이라고 추정하고 있다.2018년, 30대 후반이었던 강씨는 어떻게 부를 축적했을까. 디스패치에 따르면 강씨는 강원도에서 대학을 다니다 그만둔 뒤 2010년부터 부친과 휴대폰 판매 사업을 시작했다. 그는 광주에서 D올레통신을 설립했다. D올레통신은 휴대폰 단말기 판매업 등을 목적으로 만들어진 회사. 강종현은KT위탁 대리점을 운영하고, 다른 대리점에 단말기를 납품하기도 했다.그런데 2013~2014년 강씨는 사기 사건에 연루된다. 강씨가KT결산집계표를 속여 A캐피탈로부터 약 35억원을 편취해 사기 및 사문서 위조 혐의 등으로 재판에 넘겨진 것. 서울중앙지방법원은 2016년 강씨에게 징역 2년6개월에 집행유예 3년을 선고했다.강종현씨 판결문강씨는 2014~2015년 B금융사의 불법 우회 대출에도 가담한 것으로 전해졌다. 강씨는 B금융사와 협의해 332억원의 사모사채를 발행해, A사의 (기업)편법 인수를 도왔다. 이 과정에서 B금융사의 약점을 이용해 약 90억원을 더 빌렸다. 그가 A금융사를 상대로 발행한 사모사채는 총 422억원. 현재 B금융사에 미회수 채권으로 남아 있는 금액은 약 120억원 이상이다. 2016년 강씨가 징역형을 선고받고, B금융사가 강씨에게 채무를 독촉했으나 별다른 성과를 얻지는 못했다고 한다.그랬던 강씨가 최근 강남의 신흥 큰손으로 귀환했다. 그는 한남동 고급 빌라에 거주하고 있으며 마이바흐, 람보르기니, 벤틀리 등 고가 수입차를 타고 다닌다. 박민영 역시 청담동 본가가 아닌 강씨가 머무는 한남동 빌라에서 자주 출퇴근을 했다. 그러나 한남동 집과 고가의 수입차 중 강씨의 이름으로 된 것은 단 하나도 없었다.강종현, ‘빗썸’ 회장?...명함 보니강종현씨 명함에 적힌 직책은 버킷스튜디오, 인바이오젠, 비덴트, 빗썸라이브 회장이었다./디스패치디스패치는 강씨가 부를 축적할 수 있었던 이유는 빗썸의 숨은 대주주였기에 가능했다고 보도했다. 실제로 강씨 명함에는 비덴트, 인바이오젠, 버킷스튜디오, 빗썸라이브 회장이라고 적혀 있었다. 비덴트, 인바이오젠, 버킷스튜디오는 코스닥 상장사다.빗썸의 지배구조는 상당히 복잡하다. 일단 빗썸을 운영하는 회사는 빗썸코리아다. 빗썸코리아의 최대 주주는 빗썸홀딩스다. 빗썸홀딩스는 비덴트, 비덴트는 인바이오젠, 인바이오젠은 버킷스튜디오, 버킷스튜디오는 이니셜1호투자조합, 이니셜2호투자조합이 각각 최대 주주로 엮여 있다.정리하면 ‘이니셜 1호·2호 투자조합→버킷스튜디오→인바이오젠→비덴트’ 구조다. 이 중심에는 강씨의 친여동생 강지연(39)씨가 있다. 강지연씨는 현재 이니셜 1·2호 투자조합의 근간이 되는 이니셜의 대표 겸 버킷스튜디오 사장을 맡고 있다. 또 현재 빗썸홀딩스의 사내이사도 겸하고 있다.강지연은 어떻게 230억원을?강지연씨는 2015년까지 아이티마트 법인 대표로 있었다. 아이티마트는 휴대폰 액세서리를 카페, 대리점 등에 납품하는 회사다. 그런데 강씨는 2020년 8월 ‘이니셜’이라는 회사 대표로 등장해 230억원으로 ‘비트갤럭시아1호투자조합’(현 이니셜1호투자조합)의 지분을 인수하며 비덴트, 인바이오젠, 버킷스튜디오 등 코스닥 상장사 3곳을 손에 얻게 된다.230억원의 출처는 알려진 바 없다. 강지연씨와 강씨의 남편이 운영하던 휴대폰 관련 법인은 대부분 해산된 상태다. 디스패치는 강지연씨가 바지사장이고 그 뒤에는 강종현씨가 있다며 “강종현씨는 2016년 A캐피탈과 B금융사에서 150억원 이상을 편취한 뒤 자취를 감췄다”고 했다. 이후 행적은 밝혀진 바 없다.검은색 반팔 상의를 입고 있는 남성은 강종현씨, 그 뒤에 남색 마스크를 쓴 여성은 박민영/디스패치익명의 제보자들은 디스패치에 강씨가 2016년부터 사업차 태국를 자주 오갔다고 했다. 또 이들은 강씨가 성남 지역 조폭들과도 친분이 있다고 했다. 한 제보자는 “(강종현씨가)파타야에서 (어떤) 일을 했는데, 더이상은 곤란하다”며 말을 아꼈다. 성남 마피아 출신 사업가는 “강종현을 아주 잘 안다”면서도 태국 사업에 대해서는 입을 닫았다고 한다.이날 조선닷컴은 강지연씨에게 △2020년 이니셜이 비트갤럭시아1호투자조합을 인수하게 된 과정 △인수 자금 출처 △강종현의 ‘빗썸’ 회장 명함 인지 여부 등을 묻기 위해 연락을 취했으나 닿지 않았다. 강종현씨 역시 전화를 받지 않았다."
2022-11-09,"“박민영 전 남친이 회장? 상장하려면 뒷돈?”…빗썸, 4가지 의혹 정면 반박","국내 2위 규모의 가상화폐 거래소 ‘빗썸’이 8일 방송된MBC‘PD수첩’이 제기한 여러 의혹에 대해 입장을 밝혔다. 빗썸은 9일 오전 홈페이지에 “PD수첩 의혹에 대한 빗썸의 입장문입니다”라는 글에서 “논란이 되는 빗썸코리아 관련 이슈들은 사실이 아니다”라며 제기된 네가지 의혹에 대해 하나하나 해명했다.①강종현=빗썸 회장 의혹이정훈 빗썸코리아 전 의장(왼쪽)과 강종현씨/페이스북과 인스타그램강종현씨의 이름이 처음 등장한 건, 9월 28일 연예매체 디스패치를 통해서다. 당시 디스패치는 강씨와 배우 박민영과의 열애설을 보도하며, 강씨가 갖고 있던 명함을 공개했다.이 명함에는 ‘비덴트, 인바이오젠, 버킷스튜디오, 빗썸라이브 회장’이라고 적혀 있었다. 비덴트, 인바이오젠, 버킷스튜디오는 코스닥 상장사로 빗썸 관계사다. 강씨의 여동생인 강지연씨는 비덴트의 최대주주다.PD수첩은, 강씨를 기억하는 사람들은 강씨가 서울은 물론 지방 밤무대 등 클럽에서 황제 대우를 받으며 하룻밤 술값으로 1억원에서 3억원 가까이 썼다고 했다. 그곳에서 강씨는 ‘빗썸 회장’이라고 불렸다.이에 대해 빗썸은 “강종현씨는 당사에 임직원 등으로 재직하거나 경영에 관여한 사실이 없다”며 “빗썸 거래소 및 플랫폼 운영을 비롯한 모든 사업은 ㈜빗썸코리아 경영진의 책임으로 운영되고 있음을 강조해 말씀드린다”고 말했다.강종현씨 명함에 적힌 직책은 버킷스튜디오, 인바이오젠, 비덴트, 빗썸라이브 회장이었다./디스패치②상장 대가로 ‘뒷돈’ 요구?빗썸을 포함한 가상화폐 거래소는 암호화폐 상장, 폐지를 자체적으로 결정할 수 있는데PD수첩은 빗썸이 상장 대가로 뒷돈을 받았다는 의혹을 제기했다.근거는 실제 상장 과정에서 뒷돈을 줬다는 업체의 입에서 나왔다. 빗썸에 코인 상장을 거부당한 Q사는 한 중개인을 통해 영국령 버진아일랜드에 위치한 ‘NCC’라는 업체와 연결됐다.NCC는 Q사에 ‘상장피’라 부르는 뒷돈과 마케팅비를 요구했고, Q사는 총 30억원의 코인을 보냈다. 이후 Q사는 빗썸 도메인의 이메일 통해 ‘돈을 잘 받았다’는 답변을 받았다.PD수첩은 비슷한 피해를 본 업체가 40여곳에 이른다고 했다.코인 개발 업체 Q사 대표/MBC'PD수첩'이에 대해 빗썸은 “사실과 명백히 다르다. 빗썸은 상장(이하 거래지원)을 대가로 한 비용을 일체 요구하거나 받은 적이 없다”고 했다.이어 “빗썸은 회계법인을 통해 정기 감사를 받고 있으며 분기별, 반기별 재무에 관한 전반적인 사항을 투명하게 공개하고 있다. 대가성 거래지원 비용 논란 관련해 빗썸이 해당 금액을 불법적으로 수취할 이유도 없으며, 가능한 구조도 아니라는 점을 명백히 말씀드린다”고 덧붙였다.③빗썸에 로비하려면 실세를 찾아라?PD수첩은 “빗썸에 로비를 하려면 실세를 찾아야 한다”며 로비설을 제기했다. 이에 대해서도 빗썸은 “내부 기준에 따라 엄격하고 객관적인 심사를 진행하는 빗썸의 거래지원 절차를 심각하게 훼손하는 일방적인 주장”이라고 반박했다.빗썸은 홈페이지에 공개된 공식 메일을 통해서만 거래지원 심사를 접수받고 있다. 빗썸은 “철저한 내부 감사를 통해 수시로 임직원 준법경영에 관한 내부 통제를 실시하고 있다. 만일 거래지원과 관련한 불법적인 사항이 발견된다면 해당 임직원을 비롯한 관계자들의 민형사상 책임을 강하게 물을 것”이라고 했다.다만 “브로커 등의 외부 관계자가 악의적 목적으로 빗썸 임직원 및 지인을 사칭하며 재단에 접근해 거래지원 비용을 요구할 가능성은 남아 있다”며 “불법적인 행위를 하는 사항에 대해서 빗썸은 지속적으로 조심할 것을 공지했고, 제보를 받는 즉시 사법당국에 고발조치도 했다”고 했다.④이정훈 전 빗썸홀딩스 의장 누구?/MBCPD수첩PD수첩은 사기 혐의로 소송 중인 빗썸 창업자이자 빗썸홀딩스의 의장을 지낸 이정훈 전 의장에 대해서도 다뤘다. 이 전 의장은 2018년 10월 일명 ‘빗썸코인(BXA)’ 상장을 미끼 삼아 김병건BK그룹 회장에게 공동경영을 제안하며 계약금 명목으로 약 1120억원을 챙긴 혐의로 재판에 넘겨졌다. 지난달 25일 검찰은 이 전 의장에 징역 8년형을 구형, 오는 12월20일 재판부 선고를 남겨두고 있다.빗썸은 “이정훈 전 의장을 비롯한 주요 주주들은경영에 일체 관여하지 않는다. 빗썸은 현재 전문 경영인 체제로 운영되고 있다”고 선을 그었다. 그러면서 “빗썸코리아 역시 회사 차원에서 주주의 개인사에 관여하지 않는다. 따라서 이 전 의장 개인을 향한 의혹에 관해 빗썸코리아 회사 차원에서 드릴 수 있는 말씀은 없다”고 했다. 아울러 빗썸은 “불거진 각종 의혹으로 서비스 사용에 불안함을 겪으신 모든 고객님께 진심으로 사과의 말씀드린다”고 했다."
2022-09-29,"박민영 열애설 난 재력가 회사에, 이정재·정우성도 거액 투자했다","배우 이정재(왼쪽)와 정우성. /뉴스1배우 박민영(37)이 ‘은둔의 재력가’ 강종현(41)씨와 열애 중이라는 보도가 나온 가운데, 배우 이정재와 정우성이 과거 강씨의 회사인 ‘비덴트’에 수십억을 투자한 사실이 29일 온라인에서 화제가 되고 있다.강씨의 명함에는 비덴트, 버킷스튜디오, 빗썸라이브, 인바이오젠 회장이라고 적혀있다. 비덴트, 인바이오젠, 버킷 스튜디오는 코스닥 상장사다. 비덴트는 방송용 모니터 및 관련 기기를 생산하는 벤처기업이다.이정재와 정우성은 2017년 비덴트에 각각 10억원씩 20억원을 투자했다. 두 사람이 설립한 매니지먼트사 아티스트 컴퍼니 명의로도 5억원을 투자했다. 당시 회사에 소속됐던 배우 하정우 역시 5억원을 투자금으로 넣었다.비덴트는 2017년 3월 감사의견 한정으로 상장폐지 사유가 발생해 코스닥시장에서 거래가 정지됐다. 이후 이들의 투자 사실이 알려졌고, 같은해 8월 거래가 재개되자 주가가 2배로 뛰었다. 2017년 10월 13일 비덴트 의사록에 첨부된 전환사채 발행 세부내역을 통해 이들의 투자 사실을 확인할 수 있다.2017년 10월 13일 비덴트 이사회 회의록에 기재된 전환사채 인수자 명단. 정우성과 이정재가 각각 10억원씩 투자했음을 알 수 있다. /전자공시시스템연결고리는 또 있다. 비덴트는 비트코인 거래소 빗썸을 운영하는 업체인 비티씨코리아닷컴의 지분 11.11%를 보유하고 있었다. 아티스트 컴퍼니는 빗썸의 최대주주였던 사업가 김재욱씨를 대표로 선임하기도 했다. 2018년 빗썸이 대규모 해킹을 당했을 때도 이정재·정우성과 빗썸의 관계가 다시 조명을 받기도 했다.강씨의 명함에 적혀있는 다른 회사인 버킷 스튜디오도 이정재·정우성과 관련이 있다. 콘텐츠 유통·라이브 커머스 등의 사업을 하는 이 회사는 아티스트 컴퍼니의 지분 15%를 보유하고 있다. 이정재가 감독·주연을 맡고, 정우성이 주연으로 동반 출연한 이 영화가 흥행 조짐을 보인 지난달 8일, 버킷 스튜디오의 주가는 전일 대비 26%나 뛰었다.지난해 이정재가 출연한 넷플릭스 오리지널 드라마 ‘오징어 게임’이 대박을 쳤을 때도 수혜주는 버킷 스튜디오였다. 이정재가 ‘오징어 게임’으로 미국 에미상 남우주연상을 수상한 이달 초, 버킷 스튜디오 주가는 오름세를 보였다."
2023-03-22,‘빗썸 실소유 의혹’ 강종현 첫 재판…검찰 “강씨 일당 628억 횡령”,"가상화폐거래소 빗썸의 실소유주로 알려진 사업가 강종현씨가 1일 오전 서울 양천구 서울남부지방법원에서 열린 특정경제범죄가중처벌법상 횡령·배임, 자본시장법상 사기적 부정거래 혐의 관련 구속 전 피의자 심문(영장실질심사)에 출석하고 있다./뉴스1빗썸 관계사의 주가조작과 횡령 의혹으로 재판에 넘겨진 사업가 강종현씨에 대한 재판이 시작됐다.서울남부지법 형사12부(재판장 당우증)는 22일 특정경제범죄가중처벌법상 배임·횡령 등의 혐의로 재판에 넘겨진 강종현씨와 빗썸관계사 대표 조모씨 등 4명에 대한 첫 재판을 열었다.이날 재판에서 검찰은 “(강종현씨는) 강지연씨와 비덴트, 버킷스튜디오, 인바이오젠의 지분을 부당한 방법으로 매입해 경영권을 확보하고, 3개 회사와 빗썸 관계사 회장직함을 달고 실질적으로 회사들을 운영했다”며 “이 과정에서 수차례 지분 변동이 있었음에도 회계 등과 공모해 공시 의무를 위반하고 부당 이득을 취했다”고 했다. 검찰은 강 씨 일당이 횡령한 금액이 합계 628억원에 달한다고 봤다.검찰은 이어 “강 씨는 지난해 7월 미국 가상자금거래소FTX와 비덴트의 매각 협상이 진행 중인 것처럼 허위 내용을 발표해 비덴트 주가 상승을 유도하기도 했다”며 “비덴트 법인 차원에서FTX측과 구체적 매각 진행 협의 내용이 전혀 없었음에도 호재를 띄워 차명 보유하던 전환사채를 주식으로 전환한 후 처분해 시세 차익을 얻으려 했다”고 전했다.이날 강 씨는 구속 당시 입었던 갈색 니트를 입고 마스크를 쓴 채 재판정에 등장한 후 재판 내내 허공을 바라봤다. 강 씨와 변호인단은 이날 법정에서 따로 입장을 밝히진 않았다.강 씨에 대한 다음 공판은 4월 19일 오전 10시 40분 서울남부지법에서 열릴 예정이다."
2023-02-21,"박규리·박민영, 코인남과 얽혔다가 결국… 검찰 참고인 조사","걸그룹 카라 박규리(왼쪽)와 배우 박민영 /스포츠조선최근 여성 연예인들이 경제사범으로 수사선상에 오른 전 남자친구 때문에 검찰에 출석해 조사를 받고 있다. 걸그룹 카라의 박규리(35)는 과거 교제했던 P사 대표 송모(23)씨의 가상화폐 사기 혐의 건으로 지난달 조사를 받았다. 배우 박민영(37)은 국내 2위 규모 가상화폐 거래소 ‘빗썸’ 관계사의 실소유주로 알려진 강종현(41)의 부당이득 취득 과정에 관여한 의혹으로 참고인 조사를 받았다.서울남부지검 금융조사1부(이승형 부장검사)는 지난 20일 송씨를 자본시장법 위반과 사기 혐의로 수사 중이라고 밝혔다. 송씨는 P사를 통해 고가의 미술품을 조각투자하는 방식의 가상화폐를 발행했다. 조각투자는 고가의 자산에 대한 지분을 쪼개 여러 명이 나눠 갖는 방식으로 공동 투자하는 것이다. P사는 이 코인을 국내외 유명 미술품 거래나 경매 등에 활용할 수 있다고 홍보했다. 검찰은 송씨가 코인을 홍보하며 허위 정보를 유포해 시세를 조종했다고 보고 있다.박규리는 송씨와 2019년 인연을 맺었고 2년 만인 2021년 결별했다. 교제 기간 박규리는 P사의 미술품 큐레이터로도 활동했다. 검찰은 박규리가 문제의 코인을 보유했다가 판매한 정황을 포착했고, 이에 지난달 박규리를 참고인으로 불러 조사한 것으로 전해진다. 소식이 알려지자 박규리 소속사도 공식입장문을 통해 “참고인 진술 과정에서 코인 사업과 관련하여 불법행위에 가담하지 않았고 어떠한 부당한 이득도 취득하지 않았음을 명확히 소명했다”며 “해당 코인 사업과 어떠한 관련이 없지만 수사에 최대한 협조할 것”이라고 전했다.배우 박민영의 옛 연인은 사업가 강종현씨다. 그는 빗썸 관계사인 인바이오젠과 버킷스튜디오를 통해 빗썸을 실질 지배해온 인물로 알려졌다. 이 관계사들의 대표가 바로 강종현씨의 여동생 강지연(39)씨다. 강종현씨는 지난 2일 특정경제범죄가중처벌법상 배임·횡령, 자본시장법상 사기적 부정거래 혐의로 구속됐다. 강종현씨는 여동생과 공모해 회삿돈을 빼돌리거나 주가를 조작한 혐의를 받는다. 빗썸 관계사에서 전환사채(CB)를 발행하면서 호재성 정보를 유포해 주가를 끌어올렸다는 의혹이다.서울남부지검은 지난 13일 박민영을 참고인으로 불러 강종현씨가 관계사에서 부당 이득을 취하는 과정에 관여했는지 등을 조사했다. 박민영은 빗썸 사건과 관련해 관련이 없다는 취지로 진술한 것으로 알려졌다."
2023-02-02,‘박민영 열애설’ 빗썸 실세 강종현 구속...법원 “도주 우려”,"/뉴스1가상화폐거래소 빗썸의 실소유주로 알려진 사업가 강종현씨가 1일 오전 서울 양천구 서울남부지방법원에서 열린 구속 전 피의자 심문(영장실질심사)에 출석하고 있다.국내 2위 규모 가상화폐 거래소 ‘빗썸’ 관계사의 주가 조작, 횡령 등 의혹을 받는 사업가 강종현 씨가 구속됐다. 강씨의 측근으로 꼽히는 빗썸 비상장 관계사 대표 조모씨도 함께 구속됐다.서울남부지법 권기만 부장판사는 강씨와 조씨에 대한 구속영장을 발부했다고 2일 밝혔다. 법원은 이들에 대해 “도망할 염려 및 증거인멸 염려가 있다”고 판단했다. 다만 강씨의 지시를 받아 회계 관련 업무를 담당한 또 다른 조모 씨는 모든 혐의를 자백해 도주 우려가 없다는 이유로 영장은 기각됐다.앞서 서울남부지검 금융조사2부(채희만 부장검사)는 지난달 25일 특정경제범죄가중처벌법상 배임·횡령, 자본시장법상 사기적 부정거래 혐의로 강씨 등 3명의 구속영장을 청구했다.강 씨는 배우 박민영과의 열애설이 불거졌던 인물로, 당시 그가 버킷스튜디오와 인바이오젠 등 빗썸 관계사의 회장이라고 적힌 명함을 들고 다닌다는 점에서 빗썸의 ‘실소유주’라는 의혹이 제기됐다. 검찰은 지난해 10월 강 씨와 여동생인 강지연 씨가 공모해 회삿돈을 빼돌리거나 주가를 조작한 정황을 포착했다고 밝혔다. 이들은 여러 개의 회사를 소유해 지분을 연쇄적으로 보유하는 과정에서 전환사채(CB)를 통해 불법적으로 자금흐름이 이뤄지도록 한 의혹을 받는다.검찰은 지난달 강씨를 두 차례 소환해 조사했고, 동생 강지연 씨도 한차례 불러 조사했다."
2022-12-30,"검찰 수사 받던 ‘빗썸’ 관계사 부사장, 자택에서 투신","서울남부지방검찰청/뉴스1횡령과 주가조작 혐의로 검찰 수사를 받던 가상화폐 거래소 ‘빗썸’ 관계사 ‘비덴트’ 임원이 숨진 채 발견됐다. 비덴트는 빗썸을 운영하는 빗썸코리아의 대주주인 빗썸홀딩스의 최대 주주 회사다.서울 동작경찰서는 30일 오전 4시 20분쯤 비덴트 부사장 박모씨가 서울 동작구에 있는 자신의 아파트에서 투신해 숨졌다고 밝혔다. 투신한 박씨를 목격한 시민으로부터 신고를 받은 경찰은 박씨를 변사로 처리했다.박씨는 비덴트와 인바이오젠, 버킷스튜디오 등 빗썸 관계사 3곳의 공시 총괄 책임자로, 빗썸 관계사들의 최대 주주로 알려진 강종현씨 남매 밑에서 회계 업무도 맡았던 것으로 알려졌다. 서울남부지검은 강씨 남매 등이 회삿돈을 빼돌려 비자금을 만든 의혹을 포착하고 수사에 착수했고, 박씨도 수사 대상에 포함됐던 것으로 파악됐다.검찰은 지난 10월 빗썸 관계사들을 압수 수색하고, 지난달 16일 빗썸 관계사 임원 A씨를 증거인멸 및 은닉 혐의로 재판에 넘기는 등 관련 수사를 이어가고 있다."
2022-11-15,"[단독] 성유리, 강종현 모른다더니…화장품 회사에 30억 투자 받았다","“모릅니다”지난달 가수 겸 탤런트 성유리씨는 남편인 골프선수 안성현씨와 배우 박민영씨의 전 연인이자 ‘빗썸’의 실소유주라 의심받는 강종현씨와의 친분을 묻는 질문에 이같이 답했다. 강씨가 남편의 벤츠 마이바흐GLS차량을 타고 다녔는데도 성씨는 “아는 게 없다”고 했다. 이후에도 성씨는 ‘빗썸’ 등 강씨와 관련된 모든 질문엔 ‘모르쇠’로 일관했다.안성현(왼쪽)-성유리 부부/조선일보DB그렇게 성씨와 강씨의 관계가 묻히는 가 싶더니, 14일 뜻밖의 곳에서 성씨의 흔적이 발견됐다. 강종현씨의 여동생인 강지연씨가 대표이사로 있는 버킷스튜디오 3분기 보고서에서 성씨의 회사가 등장한 것. 이로 인해 다시 한 번 성씨 부부와 강씨 남매의 관계가 주목 받을 전망이다. 버킷스튜디오는 빗썸의 관계사 세 곳(인바이오젠·비덴트) 중 하나다. 강종현씨는 세 곳의 회장이라고 적힌 명함을 들고 다녀 빗썸의 ‘실소유주’라는 의혹이 제기된 바 있다.3분기 ‘타 법인 출자 현황’을 보면 버킷스튜디오는 8월4일 사업다각화를 목적으로 화장품 회사 율리아엘(주)에 30억원을 투자해, 4615주(지분율 18.75%)를 취득했다.율리아엘은 화장품 제조·판매업체로, 성씨가 대표로 있다. 사내이사는 단 한 명, 성씨의 남편 안씨다. 버킷스튜디오의 투자로 율리아엘의 자본금은 7억원에서 약 37억원으로 껑충 뛴다.자신의 회사에 30억원이나 투자해 준 버킷스튜디오에 대해 성유리 측은 어떤 입장일까. 소속사 이니셜엔터테인먼트는 이번엔 조선닷컴에 “잘 모른다. 알아보겠다”고 했다. 그러면서 “성유리씨가 율리아엘에 대표로 있는 건 맞지만, 경영에는 참여하지 않는 걸로 알고 있다”고 했다.버킷스튜디오가 율리아엘에 투자한 시점은 8월. 성씨가 강씨 남매, 빗썸 등에 대해 “모른다”고 입장을 밝힌 건 10월이다. 성씨의 말이 사실이라는 전제하에 한 업계 관계자는 “자기 회사의 기업 가치를 알아보고 투자자가 30억원을 투자 했는데, 대표라는 사람이 모르쇠로 일관하는 건 자기 기업의 가치를 부인하는 것과 마찬가지”라고 지적했다.버킷스튜디오가 운영하는 '버킷몰'에서 15일 성유리 화장품(가운데)이 판매되고 있다./버킷몰한편 15일 현재도 성유리의 화장품은 각 쇼핑몰에서 판매되고 있다. 물론 이날 버킷스튜디오가 운영하는 쇼핑몰 ‘버킷몰’에서도 성유리 화장품이 팔리고 있다."
2022-11-15,"[단독] 성유리, 강종현 모른다더니…화장품 회사에 30억 투자 받았다","“모릅니다”지난달 가수 겸 탤런트 성유리씨는 남편인 골프선수 안성현씨와 배우 박민영씨의 전 연인이자 ‘빗썸’의 실소유주라 의심받는 강종현씨와의 친분을 묻는 질문에 이같이 답했다. 강씨가 남편의 벤츠 마이바흐GLS차량을 타고 다녔는데도 성씨는 “아는 게 없다”고 했다. 이후에도 성씨는 ‘빗썸’ 등 강씨와 관련된 모든 질문엔 ‘모르쇠’로 일관했다.안성현(왼쪽)-성유리 부부/조선일보DB그렇게 성씨와 강씨의 관계가 묻히는 가 싶더니, 14일 뜻밖의 곳에서 성씨의 흔적이 발견됐다. 강종현씨의 여동생인 강지연씨가 대표이사로 있는 버킷스튜디오 3분기 보고서에서 성씨의 회사가 등장한 것. 이로 인해 다시 한 번 성씨 부부와 강씨 남매의 관계가 주목 받을 전망이다. 버킷스튜디오는 빗썸의 관계사 세 곳(인바이오젠·비덴트) 중 하나다. 강종현씨는 세 곳의 회장이라고 적힌 명함을 들고 다녀 빗썸의 ‘실소유주’라는 의혹이 제기된 바 있다.3분기 ‘타 법인 출자 현황’을 보면 버킷스튜디오는 8월4일 사업다각화를 목적으로 화장품 회사 율리아엘(주)에 30억원을 투자해, 4615주(지분율 18.75%)를 취득했다.율리아엘은 화장품 제조·판매업체로, 성씨가 대표로 있다. 사내이사는 단 한 명, 성씨의 남편 안씨다. 버킷스튜디오의 투자로 율리아엘의 자본금은 7억원에서 약 37억원으로 껑충 뛴다.자신의 회사에 30억원이나 투자해 준 버킷스튜디오에 대해 성유리 측은 어떤 입장일까. 소속사 이니셜엔터테인먼트는 이번엔 조선닷컴에 “잘 모른다. 알아보겠다”고 했다. 그러면서 “성유리씨가 율리아엘에 대표로 있는 건 맞지만, 경영에는 참여하지 않는 걸로 알고 있다”고 했다.버킷스튜디오가 율리아엘에 투자한 시점은 8월. 성씨가 강씨 남매, 빗썸 등에 대해 “모른다”고 입장을 밝힌 건 10월이다. 성씨의 말이 사실이라는 전제하에 한 업계 관계자는 “자기 회사의 기업 가치를 알아보고 투자자가 30억원을 투자 했는데, 대표라는 사람이 모르쇠로 일관하는 건 자기 기업의 가치를 부인하는 것과 마찬가지”라고 지적했다.버킷스튜디오가 운영하는 '버킷몰'에서 15일 성유리 화장품(가운데)이 판매되고 있다./버킷몰한편 15일 현재도 성유리의 화장품은 각 쇼핑몰에서 판매되고 있다. 물론 이날 버킷스튜디오가 운영하는 쇼핑몰 ‘버킷몰’에서도 성유리 화장품이 팔리고 있다."
2022-11-10,"경찰, 박민영 소속사 압수수색...前 남친 강종현 관련?","경찰이 연예 기획사 후크엔터테인먼트(후크)를 전격 압수수색했다.10일 서울 강남구 청담동 후크엔터테인먼트 사옥에서 압수수색을 마친 경찰 관계자들이 압수품이 든 상자를 들고나오고 있다/ 김소정 기자경찰청 중대범죄수사과는 10일 서울 강남구 청담동에 위치한 후크 사옥을 압수수색했다. 낮 12시부터 시작된 압수수색은 5시간에 걸쳐 진행됐다.경찰이 연예 기획사를 압수수색하는 일은 매우 이례적이지만, 이번 수사의 구체적 사유는 알려지지 않았다. 다만, 최근 후크 소속 연예인인 배우 박민영(37)씨의 전 남자친구인 강종현(41)씨가 지배하던 상장사 3곳(비덴트, 인바이오젠, 버킷스튜디오)가 압수수색을 당한 이후라 그 배경에 더 관심이 쏠리고 있다. 강씨는 국내 2위 가상자산거래소 ‘빗썸’의 숨겨진 주인이라는 의혹이 불거진 인물이다.일각에서는 이번 압수수색이 강씨 관련 사태와는 큰 관계가 없다는 의견도 나온다. 연예계 관계자들은 후크 경영진의 범죄 혐의점이 포착된 게 아니냐는 추측을 내놓고 있다. 한 관계자는 “후크는 대표와 이사진의 방만한 경영으로 문제가 많던 곳”이라고 귀띔했다.2002년 설립된 후크엔터테인먼트는 배우 윤여정, 이서진, 박민영과 가수 이선희, 이승기 등이 소속된 회사다."
2022-09-30,"빗썸, 박민영 열애설 강씨와 연루설 부인…“경영에 관여한 적 없어”","암호화폐 거래소 빗썸의 서울 강남구 고객센터 앞. /뉴스1배우 박민영의 열애설 상대였던 강종현씨가 ‘빗썸 회장’이라는 의혹이 나온 것과 관련, 빗썸 측이 ‘사실무근’이라는 입장을 밝혔다.30일 빗썸은 자사 홈페이지에 입장문을 내고 “당사는 2014년 1월 설립 이래 ‘회장’이란 직함을 둔 적이 없으며, 언론 보도에 언급된 강모씨는 당사에 임직원 등으로 재직하거나 경영에 관여한 사실이 없다”고 했다. 이어 “빗썸의 거래소 및 플랫폼 운영을 비롯한 모든 사업은 빗썸코리아 경영진의 책임 하에 운영되고 있다”고 강조했다.디스패치는 지난 28일 강씨가 빗썸의 ‘숨은 회장’이라는 의혹을 제시했다. 그 근거로 강씨의 명함에 비덴트, 인바이오젠, 버킷스튜디오, 빗썸라이브 회장이라는 직함이 적혀 있었다는 점을 들었다. 매체는 강씨가 여동생 강지연씨를 앞세워 빗썸홀딩스 단일 최대 주주로 34%의 지분을 확보하고 있다고 전했다. 빗썸홀딩스는 빗썸코리아의 최대 주주다.한편 박민영은 강씨와 결별했다고 한다. 박민영 소속사 후크엔터테인먼트 권진영 대표는 29일 공식 입장을 통해 “사실관계 확인 등에 시간이 필요해 입장 표명이 늦어졌다”며 “현재 배우 박민영과 열애설 상대방은 이별했다”고 밝혔다. 이어 “박민영이 열애설 상대방으로부터 많은 금전적 제공을 받았다는 것은 결코 사실이 아니다”라고 했다. 그러면서 “박민영은 현재 방영되고 있는tvN드라마 ‘월수금화목토’ 방송에 지장이 생기지 않도록 최선을 다할 것”이라며 “배우 본인은 물론 가족 및 자신과 관계한 모든 이들의 행동에 더욱 신중을 기하고 앞으로도 성실히 배우로서 공인으로서 책임감을 가지고 임할 것”이라고 했다."
2023-04-10,‘檢 수사’ KH그룹·빗썸 관계사 상폐 위기…소액주주 돈 묶일 듯,"쌍방울그룹의 대북 송금 의혹 등에 연루돼 검찰 수사를 받는KH그룹의 계열사들이 줄줄이 상장폐지 위기에 처했다. 실소유주 강종현(41)씨가 구속기소된 빗썸 관련 상장사 역시 상장폐지 사유가 발생했다. 상장폐지 사유가 해소될 때까지 해당 종목에 투자한 소액주주의 투자금이 묶일 수 있다.검찰이 지난해 12월KH그룹을 둘러싼 입찰 방해, 대북 송금 의혹과 관련해KH그룹 본사와 관계사, 관계자의 주거지 등 20여 곳을 합동 압수수색하고 있다. 연합뉴스10일 한국거래소에 따르면 지난해 재무제표에 대한 감사의견 미달로 코스피시장 상장사 8개사와 코스닥시장 상장사 28개사에서 상장폐지 사유가 발생했다.코스피 상장사 중에서는 인바이오젠과IHQ,세원이앤씨,KH필룩스, 일정실업 등 5개사가 감사의견 거절 등으로 올해 처음 상장폐지 사유가 발생했다. 이들 기업이 상장폐지를 통보받은 날부터 15일 이내에 이의신청하지 않으면 즉각 상장폐지되고 정리매매가 시작된다. 이의신청할 경우 통상 1년 이내의 개선 기간이 부여된다.비케이탑스와 선도전기, 하이트론씨스템즈 등 3개사는 2년 연속 감사의견 거절을 받아 상장폐지 사유가 발생했다. 이들 기업은 오는 14일 개선 기간 종료 뒤 상장공시위원회 심의를 거쳐 상장폐지 여부가 결정된다.코스닥에서는 뉴지랩파마와 국일제지, 버킷스튜디오, 비덴트,KH건설,KH전자 등 15개사에서 올해 처음 상장폐지 사유가 발생했다. 이들 역시 이의신청이 가능하며 개선 기간을 부여받을 수 있다.2년 연속 상장폐지 사유가 발생한 피에이치씨와 이즈미디어 등 10개사는 기업심사위원회(기심위)의 심의에 따라 올해 증시 퇴출 여부가 가려진다. 3년 연속 비적정 감사의견을 받은 3개사는 지난해 개최된 기심위를 통해 이미 상장폐지가 결정됐다.이날 상장폐지 사유가 발생한 기업 목록에는KH그룹 계열 상장사 5개사가 포함돼 있다. 코스피에선IHQ와KH필룩스, 코스닥에선KH전자,KH건설, 장원테크가 해당된다. 이들 기업은 이미 이달 초 관리종목으로 지정되며 매매거래가 정지된 상태다.KH그룹은 '알펜시아 리조트 입찰 비리 의혹'과 쌍방울그룹의 대북 송금 의혹과 주가 조작 의혹 등으로 검찰 수사를 받고 있다.KH그룹은 전날 입장문을 내고 ""대표이사를 포함해 전 임직원이 거래소 절차에 따라 상장폐지 사유를 해소하고 주권거래를 재개하기 위해 모든 역량을 집중할 것임을 약속드린다""며 오는 28일까지 이의신청을 내겠다고 밝혔다.이의신청을 통해서 개선 기간(통상 1년)을 부여받으면KH그룹 계열사 소액주주들은 당분간 돈이 묶이게 된다. 지난해 말 기준KH건설의 소액주주 지분은 87.55%에 달했고, 장원테크(73.86%),KH필룩스(73.14%),KH전자(70.93%),IHQ(51%)도 50% 이상이다.가상화폐거래소 빗썸의 실소유주로 알려진 사업가 강종현씨가 지난 2월 1일 서울 양천구 서울남부지방법원에서 열린 특정경제범죄가중처벌법상 횡령·배임, 자본시장법상 사기적 부정거래 혐의 관련 구속 전 피의자 심문(영장실질심사)에 출석하고 있다. 뉴스1국내 가상자산 거래소 빗썸의 관련주도 이날 상장폐지 사유 발생 기업 목록에 이름을 올렸다. 빗썸의 최대주주인 비덴트와 비덴트의 최대주주인 인바이오젠, 인바이오젠과 빗썸 관련 지분을 보유한 버킷스튜디오 모두 외부 감사를 맡은 회계법인으로부터 감사의견 거절을 받았다.빗썸의 실소유주로 알려진 강종현(41)씨는 지난 2월 특정경제범죄가중처벌법상 배임·횡령과 자본시장법상 사기적 부정거래 혐의로 구속기소됐다. 지난해 말 기준 비덴트의 소액주주 지분은 77.17%였으며, 버킷스튜디오와 인바이오젠은 각각 64.83%, 28.47%였다.한국거래소 관계자는 ""개선 기간 이후에는 개선계획 이행 여부를 심의해 상장 폐지 여부를 결정하게 된다""며 ""이 기간 소액주주의 투자금은 묶여 있게 된다""고 말했다."
2023-02-20,회삿돈 빼돌리고 주가조작 의혹…빗썸 실소유주 강종현 재판행,"암호화폐거래소 빗썸의 실소유주로 알려진 사업가 강종현(41)씨가 횡령 등 혐의로 재판에 넘겨졌다.가상화폐거래소 빗썸의 실소유주로 알려진 사업가 강종현 씨. 뉴스120일 법조계에 따르면 서울남부지검 금융조사2부(채희만 부장검사)는 이날 자본시장법상 사기적 부정거래·특정경제범죄법상 횡령 등 혐의로 강씨를 구속기소 했다.검찰은 특정경제범죄법상 횡령 혐의를 받는 빗썸 관계사 직원 A씨는 구속 상태로, B씨는 불구속 상태로 함께 재판에 넘겼다.강씨는 여동생 강지연씨와 공모해 회삿돈을 빼돌리거나 주가를 조작한 혐의를 받는다. 또한 공시 의무를 피하기 위해 전환사채(CB)를 차명으로 거래했다는 혐의도 있다.검찰은 강씨가 빗썸홀딩스 최대주주인 비덴트 계열사 아이티를 실소유하면서 동업자인 조 대표와 공모해 수차례에 걸쳐 회삿돈 약 600억원을 횡령한 것으로 의심하고 있다.또 강지연 대표가 비덴트·인바이오젠·버킷스튜디오 대표로 취임한 2020년 8월 이후 수천억원 규모의 전환사채(CB)를 발행하고 콜옵션(매수선택권) 권리를 특정인에 넘기는 과정 등에 강씨가 관여해 수백억원대 배임을 저지른 것으로도 파악하고 있다.최근 배우 박민영(36)씨와 열애설이 났던 강씨는 빗썸 실소유주로 의심받고 있다. 검찰은 지난 13일 박씨를 상대로 참고인 조사를 진행하기도 했다.빗썸홀딩스 최대 주주는 지분 34.22%를 보유하고 있는 코스닥 상당자 비텐트이고, 비텐트의 최대 주주는 키오스크 유통업체인 인바이오젠이며, 인바이오젠의 최대 주주는 콘텐츠 유통업체 버킷스튜디오다. 이중 인바이오젠과 버킷스튜디오는 강씨 동생 강지연씨가 대표이사로 있다.빗썸홀딩스의 사내 이사를 지냈던 강지연씨는 2015년까지 휴대폰 액세서리를 납품하는 회사 대표로 있었다가, 2020년 230억원으로 비덴트, 인바이오젠, 버킷스튜디오 등 코스닥 상장사 3곳을 매입한 것으로 알려졌다.검찰은 지난해 10월 비덴트, 인바이오젠, 버킷스튜디오를 압수수색한 데 이어 지난 2일 강씨와 A씨에 대한 구속 영장을 발부받아 수사를 이어왔다."
2023-01-25,"檢, '빗썸 관계사 횡령·배임 혐의' 강종현 구속영장 청구","서울남부지방검찰청 모습. 뉴스1가상화폐 거래소 '빗썸' 관계사 경영진의 횡령 의혹을 수사 중인 검찰이 빗썸 실소유주로 알려진 사업가 강종현(41)씨에 대해 구속영장을 청구했다.법조계에 따르면 서울남부지검 금융조사2부(채희만 부장검사)는 25일 특정경제범죄가중처벌법상 배임·횡령, 자본시장법상 사기적 부정거래 혐의로 강씨와 빗썸 관계사 임원 2명 등 3명의 구속영장을 청구했다.강씨는 빗썸 관계사 인바이오젠·버킷스튜디오 대표이사인 강지연 씨 친오빠다. 배우 박민영과의 열애설로 화제가 되기도 했다.검찰은 이달 강씨를 두 차례 소환해 조사했다. 동생 강지연 씨도 한차례 조사를 받았다.이들 남매가 공모해 회삿돈을 빼돌리거나 주가를 조작한 정황을 포착한 검찰은 지난해 10월 비덴트와 인바이오젠·버킷스튜디오 등 빗썸 관계사를 압수수색하며 본격적인 수사에 들어갔다.비덴트는 빗썸홀딩스(빗썸을 운영하는 빗썸코리아의 대주주) 지분 34.2%를 보유한 단일 최대 주주다. 비덴트의 최대 주주는 인바이오젠, 인바이오젠의 최대 주주는 버킷스튜디오다.빗썸홀딩스 사내이사를 겸하는 강지연 씨는 2020년 230억원으로 비덴트·인바이오젠·버킷스튜디오를 사들인 것으로 알려졌다. 비덴트와 버킷스튜디오는 코스닥에, 인바이오젠은 코스피에 각각 상장돼있다."
2023-02-02,빗썸 실소유 의혹 강종현 '600억 횡령' 혐의 구속,"암호화폐거래소 빗썸의 관계사를 실소유하면서 회삿돈을 횡령했단 의혹을 받는 강종현(41)씨가 2일 구속됐다.서울남부지법 권기만 영장전담 부장판사는 이날 “도망할 염려와 증거를 인멸할 염려가 있다”며 강씨에 대한 구속영장을 발부했다. 앞서 서울남부지검 금융조사2부(부장 채희만)는 지난달 25일 강종현씨와 빗썸의 단일 최대주주(34.2%) 비덴트의 계열사이자 휴대폰 판매업체인 아이티 조모 대표, 비덴트 임원 조모씨에 대해 특정범경제범죄가중처벌법상 횡령·배임, 자본시장법 위반 등의 혐의로 구속영장을 청구했다. 이 중 조 대표는 강씨와 같은 사유로 구속됐고, 조씨는 “증거인멸이나 도망할 우려가 없다”는 이유로 영장이 기각됐다. 강씨는 빗썸 관계사 비덴트의 전(前) 대표이자 인바이오젠·버킷스튜디오 현(現) 대표인 강지연씨의 친오빠다.암호화폐거래소 빗썸 실소유주 의혹을 받는 사업가 강종현(41·사진)씨는 1일 오전 서울 신청동 서울남부지법에서 열린 구속영장실질심사에 출석하면서 ""성실히 임하겠다""고 말했다. 뉴스1검찰이 청구한 구속영장에는 강종현씨가 비덴트 계열사인 아이티를 실소유하면서 동업자인 조 대표와 공모해 수차례에 걸쳐 회삿돈 약 600억원을 횡령한 혐의가 담긴 것으로 파악됐다. 한 번에 많게는 수십억원씩 빼돌려 다른 곳에 투자하는 방식으로 회삿돈을 사유화했다는 것이다. 그러나 강씨 측은 전날(1일) 영장실질심사에서 조 대표와 아이티를 동업한 건 맞지만 이미 수년 전에 자신 몫의 지분을 정리하고 분리한 상태라 횡령 의혹과는 무관하다고 반박했다고 한다. 이어 유용 의혹이 제기된 자금 역시 신뢰할 만한 투자처에 정상적인 방법으로 투자한 뒤 원금에 이자까지 회수하는 등 오히려 회사가 이득을 본 것이라 문제가 없다고 주장했다고 한다.검찰은 강지연 대표가 비덴트·인바이오젠·버킷스튜디오 대표로 취임한 2020년 8월 이후 수천억원 규모의 전환사채(CB)를 발행하고 콜옵션(매수선택권) 권리를 특정인에 넘기는 과정 등에 강씨가 관여해 수백억원대 배임을 저지른 것으로도 의심하고 있다. 검찰은 또 지난해 7월 비덴트가 “미국 암호화폐거래소FTX측과 빗썸코리아 및 빗썸홀딩스 출자증권의 처분을 위한 접촉 및 관련 협의를 한 사실이 있다” 등FTX의 빗썸 인수 시도 관련 공시를 할 때 강씨가 개입하는 등 호재성 공시로 주가를 띄워 부당 이득을 거뒀다는 내용도 영장에 적시한 것으로 나타났다. 하지만 강씨 측은 비덴트 주가는 기본적으로 비트코인의 시세 등 빗썸의 가치를 따라가기 때문에 인위적인 시세조종은 없었다는 입장이다.한편, 검찰은 지난해 10월 빗썸 관계사 세 곳(비덴트·인바이오젠·버킷스튜디오)을 압수수색할 무렵 이들 회사와 관계가 있는 복수의 상장사도 압수수색한 것으로 파악됐다. 법원이 이날 검찰의 손을 들어준 만큼 빗썸 관계사와 얽히고 설킨 상장사 여러 곳의 주가조작 의혹으로 수사가 확대될 수 있다는 전망도 나온다. 다만, 한 법조계 인사는 “압수수색 과정에서 특이할 만한 단서가 발견되지 않았다면 수사망을 넓히기 어려울 수도 있다”고 말했다."
2023-02-14,"박민영, 前남친 '빗썸 부당이득 관여' 檢조사…출국금지 당했다","배우 박민영. 사진tvN암호화폐거래소 '빗썸' 실소유주 의혹을 받는 사업가 강종현씨의 관계사 배임·횡령 횡령 혐의와 관련해 배우 박민영씨가 검찰 조사를 받은 것으로 파악됐다. 박씨는 지난해 강씨와 열애설이 불거진 바 있다.서울남부지검은 전날 박씨를 참고인 신분으로 불러 조사했다고 14일 밝혔다.검찰은 강씨가 빗썸 최대주주인 비덴트 등 관계사 3곳에 대해 주가 조작과 횡령 등을 통해 부당 이득을 취하는 과정에 박씨가 관여했는지를 조사한 것으로 알려졌다.검찰은 빗썸 관계사가 발행한 전환사채 차명 거래에 박씨의 이름이 사용된 정황과 함께 수억 대의 차익이 발생한 사실을 포착한 것으로 전해졌다.지난해 박씨의 친언니가 빗썸 관계사 인바이오젠의 사외이사로 활동했던 사실이 드러나기도 했다.검찰은 박씨를 출국 금지하고 추가 소환 여부를 검토 중인 것으로 전해졌다. 다만 박씨가 피의자로 전환될 가능성은 크지 않은 것으로 알려졌다.한편 강씨는 빗썸 관계사 인바이오젠과 버킷스튜디오 대표인 강지연씨의 친오빠로, 빗썸을 실질적으로 지배하고 주가 조작에 가담한 혐의를 받는다.이들 관계사는 지난 2020년 7800억원대 전환사채를 발행하면서 호재성 정보를 유포해 주가를 끌어올렸다는 의혹이 제기됐다."
2023-01-19,'빗썸 관계사 횡령' 주요자료 빼돌린 버킷스튜디오 임원 징역형,"서울 양천구 서울 남부지법. 뉴스1'빗썸 관계사 횡령 사건' 당시 회사 주요자료를 빼돌리고 삭제한 혐의를 받는 버킷스튜디오 임원에게 법원이 실형을 선고했다.서울남부지법 형사10단독 최선상 판사는 19일 오후 2시쯤 증거인멸 등 혐의로 구속기소 된 버킷스튜디오 임원 이모(46)씨에게 징역 1년 6개월을 선고했다.이씨는 지난해 10월 검찰이 인바이오젠, 비덴트, 버킷스튜디오 등을 압수수색하는 등 빗썸 관계사 경영진의 횡령 혐의 수사에 착수했다는 보도가 나오자 회사 주요 자료를 빼돌리는 등 증거를 인멸한 혐의를 받는다.검찰 공소사실에 따르면 그는 빗썸 실소유주 의혹을 받는 사업가 강종현씨와 관련이 있다고 보도된 주요 회사 임직원들의 컴퓨터 하드디스크와 휴대전화, 회사CCTV하드디스크를 교체한 뒤 기존에 쓰던 것은 폐기하거나 은닉했다.최 판사는 ""피고인은 보도 이후 신속하게 증거를 인멸하거나 은닉했고, 이 인멸하거나 은닉한 증거의 양도 상당하다""며 ""이 범행의 핵심역할을 담당했고 그 과정에서 자신의 부하직원에게 범행을 지시하기도 했다""고 지적했다.다만 공소사실 중 이씨가 자신의 자동차 블랙박스 메모리 카드를 폐기한 부분에 대해서는 무죄가 선고됐다.최 판사는 ""자기 형사사건의 증거인 동시에 타인의 형사사건 증거를 인멸한 경우 증거인멸죄가 성립될 수 없다는 게 대법원 판례""라며 ""이 법리에 따라 이 부분의 행위는 증거인멸죄로 다스릴 수 없다""고 판시했다.앞서 검찰은 빗썸관계사 인바이오젠과 버킷스튜디오 대표이사인 강지연씨, 실소유주 의혹을 받는 강종현씨를 피의자 신분으로 불러 조사했다.검찰은 강씨 남매가 빗썸 관계사의 주가를 조작한 정황이 있는지, 전환사채 발행을 통해 회삿돈을 횡령하거나 비자금을 조성한 의혹이 있는지 조사하고 있다."
2022-10-28,"횡령·증거인멸 의혹 빗썸 관계사 임원 구속…""도주·증거인멸 우려""","서울 양천구 서울남부지방법원의 모습. 뉴스1가상화폐거래소 '빗썸' 관계사인 버킷스튜디오 임원이 구속됐다.서울남부지법 권기만 영장전담 부장판사는 28일 증거인멸 혐의를 받는 이모씨에 대해 ""도주와 증거인멸의 우려가 있다""며 구속영장을 발부했다.이씨는 검찰이 빗썸 관계사에 대한 강제수사에 들어가기 직전 회사 주요 자료를 빼돌리고 폐쇄회로(CC)TV저장 화면을 삭제한 혐의를 받는다. 빼돌린 자료 중엔 경영진의 횡령 혐의를 입증할 주요 투자 관련 자료도 포함된 것으로 전해졌다.이씨는 이날 오전 10시30분쯤 영장실질심사(구속 전 피의자 심문)에 출석했다. 1시간여 뒤인 11시30분쯤 이씨는 영장실질심사를 마치고 법정을 나서며 취재진 앞에 모습을 드러냈다. 이씨는 '증거 인멸 시도한 혐의 인정하나','증거인멸은 누구의 지시를 받고 했나','본인이 횡령에 직접 가담했느냐'는 취재진의 질문에 아무런 말을 하지 않고 검찰 호송차에 올랐다.버킷스튜디오는 빗썸을 운영하는 빗썸코리아의 대주주인 빗썸홀딩스의 모회사 격이다.서울남부지검 금융조사2부(채희만 부장검사)는 비덴트, 인바이오젠, 버킷스튜디오 등 빗썸 관계사 경영진의 횡령 혐의를 포착해 이달 7일 해당 업체를 압수수색하는 등 수사를 벌이고 있다.특히 검찰은 사건의 핵심 인물인 사업가 강종현씨를 최근 출국금지해 소환 시점을 검토 중이다. 강씨는 횡령 혐의를 받는 피의자 중 하나로, 인바이오젠·버킷스튜디오 대표이사인 강지연 씨의 친오빠이다. 지난달에는 유명 배우 박민영과 열애설이 불거지기도 했다."
2024-04-10,"박민영 알고보니 110억 '갓물주' …""매달 3700만원씩 꽂힌다""","배우 박민영. 뉴스1배우 박민영이 가족법인으로 사들인 건물의 현 시세가 110억원에 이르는 것으로 나타났다.10일 부동산 업계에 따르면 박민영이 사내이사로 있는 가족법인은 2018년 4월 서울 강동구 암사동의 한 건물을 43억8500만원(3.3㎡당 약 3400만원)에 매입해 신축을 했다고 뉴스1이 보도했다.이에 따르면 박민영 측은 잔금을 치르자마자 해당 건물을 신탁했고 신축 이후 30억원을 채권최고액으로 설정했다. 통상 채권최고액이 대출의 120% 수준에서 설정되는 점을 감안하면 약 25억원을 대출받은 것으로 추정된다.토지매입비 43억8500만원, 취득세·중개수수료 등 2억5000만원, 신축비 24억원, 이자 비용 등을 계산하면 취득원가는 72억~73억원 정도로 추정된다고 매체는 설명했다. 현재 시세는 약 110억 원대에 이르는 것으로 보인다.해당 건물은 8호선 암사역에서 약 400m 거리에 위치해 있다. 건물 바로 앞에는 25m 대로를 접하고 있다. 추후 8호선 연장에 따라 다산·별내신도시가 연결되는 호재를 가지고 있다.신축 이후 지하 1층~지상 1층 상가, 지상 2~3층 오피스텔, 지상 4~6층은 도시형생활주택으로 구성됐다. 예상 임대수익은 월 3700만원(보증금 5억원) 정도로 예상된다.한편 박민영은 2022년 가상화폐 거래소 ‘빗썸’ 실소유주 의혹을 받는 강종현(41)씨와 열애설이 불거져 곤욕을 치렀다. 특히 박민영의 친언니가 빗썸 관계사 ‘인바이오젠’의 사외이사로 등재돼 있다는 사실이 알려져 논란이 커졌다. 이에 박민영은 열애 보도 이틀 만에 강씨와의 결별 소식을 알렸다,박민영은 지난 1월 방영한tvN드라마 ‘내 남편과 결혼해줘’로 활동을 재개했다."
2024-01-15,"박민영 ""다 지겹다""…전 연인 강종현 돈 2.5억 수수설에 한 말","배우 박민영. 사진 후크엔터테인먼트배우 박민영(37)이 가상화폐 거래소 '빗썸' 실소유주 의혹을 받는 전 연인 강종현(41)씨로부터 현금 2억5000만원을 받았다는 보도에 대해 ""지겹다""는 반응을 보였다.박민영은 15일 오후 자신의 인스타그램에 ""Sickofitall(다 지겹다). 하지만 진심은 반드시 통한다는 말을 믿고 이제 나는 콩알들을 지켜줄 단단한 마음이 생겼다. 걱정 마라""라는 글을 올렸다.이날 앞서 연예매체 디스패치는 ""박민영이 강씨와 교제할 당시 생활비 명목으로 현금 2억5000만원을 지원받았다""며 ""강씨 관계사의 회삿돈이 박민영 개인 계좌로 입금됐다""고 보도했다.이에 박민영 소속사 후크엔터테인먼트는 즉각 보도자료를 내고 ""지난해 2월쯤 강씨가 박민영 계좌를 차명으로 사용한 사실과 관련해 박민영이 검찰에서 참고인 조사를 받았다""며 ""이를 통해 박민영이 불법적인 일에 가담하거나 불법적인 이익을 얻은 사실이 없다는 점을 명백히 밝혔다""고 선을 그었다. 그러면서 ""언급된 2억5000만원 역시 강씨에 의해 계좌가 사용된 것일 뿐 생활비로 사용된 것은 아니다""라고 강조했다.박민영은 지난 2022년 주가를 조작해 부당이익을 챙긴 의혹을 받는 강씨와의 교제 사실이 알려지며 논란에 휩싸였다. 특히 박민영의 친언니가 빗썸 관계사 '인바이오젠'의 사외이사로 등재돼 있다는 사실이 공개되며 논란이 더욱 거세졌다.당시 박민영은 열애 보도 이틀 만에 결별했다는 소식을 전하며 ""금전적 제공을 받았다는 것은 결코 사실이 아니다""라고 강조했다. 친언니 역시 논란 직후 사외이사를 사임했다.강씨는 특정경제범죄가중처벌법상 배임 및 횡령과 자본시장법상 부정거래 혐의로 구속기소 됐다가 최근 보석 석방돼 불구속기소 상태로 재판을 받고 있다.한편 박민영은 이와 관련해 지난 1일tvN드라마 '내 남편과 결혼해줘' 제작발표회에서 ""사실 짧은 시간이라면 짧은 시간이지만 내내 후회하면서 지냈다. 정신과에서 뇌파 검사를 했을 때 '죄책감'이 빨간색 위험 신호가 들어올 정도였다""며 ""다시는 다른 이슈로 불미스러운 일이 일어나지 않도록 배우로서 정말 좋은 모습을 보여드리는 게 답인 것 같다""고 말한 바 있다."
2024-01-01,"박민영, 전 남친 논란 사과 ""내내 후회…정신과 검사도""","배우 박민영 . 뉴스1배우 박민영이 전 남자친구 강종현 씨와 관련한 논란에 대해 사과했다.1일 박민영은 온라인으로 공개된tvN새 월화드라마 ‘내 남편과 결혼해줘’ 제작발표회에서 자신을 둘러싼 이슈를 딛고 복귀한 소감을 밝혔다.박민영은 “제가 몸도 건강도 정신건강도 많이 아팠던 해였다”며 “그래서 과연 내가 이 작품을 할 수 있을까 생각하던 차에 감독님께서 전화를 주셨다”고 말했다. 이어 “저도 사실 짧은 시간이라면 짧은 시간이지만, 내내 후회하면서 지냈다”며 “정신과에서 뇌파 검사를 했을 때 죄책감이 빨간색 위험 신호가 들어올 정도였다”고 했다.박민영은 “지금은 모든 걸 받아들였고 심려 끼쳐 드린 것에 대해 말씀드리고 싶었다”며 “더 일찍이었으면 좋았겠지만 건강해진 상태라 더 진정성 있게 저를 사랑해주신, 아껴주신 분들께 가장 죄송하다는 말씀을 드리고 싶다”고 사과했다.또 “다시는 다른 이슈로 불미스러운 일이 일어나지 않도록 배우로서 정말 좋은 모습을 보여드리는 게 답인 것 같다”며 “배우 생활을 하며 자랑스러운 배우가 되겠다고 항상 말해왔는데, 많이 후회하고 있다. 다시 돌아가려고 노력하고 있으니 지켜봐 달라”고 밝혔다.박민영은 지난 2022년 자금 횡령 및 주가 조작 의혹을 받았던 가상화폐 거래소 빗썸 실소유주로 알려진 강종현씨와 교제 사실이 알려져 논란이 됐다. 특히 박민영의 친언니 A씨가 빗썸 관계사 인바이오젠 사외이사로 등기돼 있다는 점도 이목을 모았다.박민영은 강씨가 남자친구라는 사실이 보도된 지 이틀 만에 결별했다. 당시 소속사 후크엔터테인먼트는 “박민영은 현재 열애설 상대방과 이별했다”며 “열애 상대방으로부터 많은 금전적 제공을 받았다는 것은 결코 사실이 아니다”라고 해명했다. 친언니는 논란이 되자 사외이사에서 자진 사임했다.강씨는 주가 조작 등 혐의로 구속됐다가 최근 보석 석방된 상태로 재판을 받고 있다. 박민영은 지난해 2월 강씨 사건 참고인으로 검찰 조사를 받은 바 있다."
2023-08-29,'성유리 남편' 또 구속위기…프로골퍼 안성현 영장 재청구,"배우 성유리의 남편 프로골퍼 안성현(42)이 지난 4월 7일 서울남부지법에서 열린 구속 전 피의자 심문(영장실질심사)를 마친 뒤 이동하고 있다. 뉴스1코인 상장 뒷거래 의혹을 수사 중인 서울남부지검 금융조사2부(채희만 부장검사)는 29일 이상준(54) 빗썸홀딩스 대표와 프로골퍼 출신 안성현(42)씨의 구속영장을 청구했다.검찰에 따르면 이 대표는 사업가 강종현(41·구속기소)씨로부터 국산 코인을 빗썸에 상장해달라는 청탁과 함께 금품을 수수한 혐의(배임수재)를 받는다.앞서 검찰은 2021년 말부터 지난해 초까지 이 대표에게 약 50억원을 전달했다는 취지의 강씨 진술을 확보했다.빗썸홀딩스는 코인거래소 빗썸을 운영하는 빗썸코리아의 최대주주다. 지난해 말 기준 빗썸코리아 지분 73.56%를 보유하고 있다.안씨는 상장을 도와준다며 코인 발행업체로부터 금품을 챙긴 혐의(특정경제범죄가중처벌법상 사기·배임수재)를 받는다. 안씨는 강씨의 절친한 친구로 알려져 있다. '핑클' 출신 배우 성유리의 남편이기도 하다.검찰은 지난 4월에도 안씨의 구속영장을 청구했으나 법원에서 기각됐다. 검찰은 보완 수사를 거쳐 이날 안씨에 대한 구속영장을 재청구했다.안씨의 구속 전 피의자 심문(영장심사)은 내달 1일 오후 2시 서울남부지법에서 유환우 영장전담 부장판사 심리로 열린다.한편 강씨는 빗썸 관계사인 비덴트와 버킷스튜디오 주가조작과 횡령·배임 등 혐의로 재판을 받고 있다.강씨는 2021년 버킷스튜디오·인바이오젠 등에서 전환사채(CB)를 발행한 뒤, 호재성 정보를 유포해 주가를 띄우는 등 수법으로 350억원의 부당이득을 챙긴 혐의를 받는다. 이 과정에서CB를 다시 사들일 수 있는 콜옵션을 저가에 양도해 회사에 320억원의 손해를 끼친 혐의도 있다. 또한 비덴트 등 빗썸 관계사에서 628억원을 횡령한 혐의도 포함됐다."
2023-06-30,"[단독]1세대 '꾼' 소탕전…檢, 441억 배임 '연예계 대부' 노린다","빗썸 관계사에 대한 수백억원대 배임 혐의를 받는 원영식(62) 초록뱀미디어 회장이 29일 구속됐다. 서울남부지법 김지숙 영장전담 부장판사는 이날 “증거인멸과 도망할 우려가 있다”며 원 회장에 대한 구속영장을 발부했다.원 회장은 지난 2월 구속기소된 강종현(41)씨와 공모해 자신이 투자한 코스닥 상장사 비덴트·버킷스튜디오에 약 441억원의 손해를 끼친 혐의 등을 받고 있다. 이 같은 내용은 서울남부지검 금융조사2부(부장 채희만)가 지난 27일 특정경제범죄가중처벌법상 배임, 자본시장법상 사기적부정거래 등의 혐의로 청구한 원 회장의 구속영장에도 적시된 것으로 파악됐다. 비덴트와 버킷스튜디오는 강씨가 실소유주란 의심을 받는 암호화폐거래소 빗썸의 관계사다. 비덴트는 빗썸코리아의 단일 최대주주이고, 버킷스튜디오는 비덴트의 최대주주인 인바이오젠을 지배하고 있다.빗썸 관계사 주가조작 사건에 연루됐다는 의혹을 받는 원영식 초록뱀그룹 회장은 29일 오전 서울남부지법에서 열린 구속영장실질심사에 출석하며 혐의와 관련한 취재진의 질문에 묵묵부답했다. 연합뉴스검찰은 원 회장이 강씨와 공모해 비덴트·버킷스튜디오가 발행한 전환사채(CB)·신주인수권부사채(BW)의 콜옵션(매수선택권) 권리 대부분을 원 회장이 소유한 초록뱀그룹 관계사와 조합에 부여한 것으로 보고 있다. 시가보다 낮은 가격에 주식으로 전환하거나 신주를 인수할 수 있는 권리를 초록뱀 측에 무상으로 넘겨 부당이득을 취하게 한 동시에, 그만큼 비덴트·버킷스튜디오 등에는 손해를 끼쳤다는 것이다. 검찰은 빗썸 관계사가 발행한CB·BW등에 1000억원이 넘는 돈을 투자해 이익을 거두는 과정에서 벌어진 주가조작 등도 원 회장이 배후에서 가담한 것으로 의심하고 있다.중앙일보가 확보한 강씨의 공소장에는 원 회장과 초록뱀그룹 관련사의 이름이 다수 언급돼 있다. 공소장에 따르면, 강씨 등은 지난해 3·5월 두 차례에 걸쳐 아이즈비전·빗썸코리아·비덴트가 보유하던 버킷스튜디오의 9·10회차CB일부의 콜옵션 행사자를 초록뱀그룹 관계사인 에즈모나투자조합·초록뱀이커머스신기술조합·밸류애드파트너스로 지정했다. 이후 당시 시가보다 약 900~2800원 낮은 가격으로 전환권을 행사할 수 있는 콜옵션 권리를 무상으로 부여해 초록뱀 관계사들에 각각 약 79억원(9회차), 98억원(10회차)의 이득을 보게끔 했다.비덴트 관련 강씨의 사기적부정거래 혐의 공소사실엔 원 회장의 이름이 직접 등장하기도 한다. 원 회장이 지난해 7~8월 에즈모나투자조합으로 받은 비덴트의 15회차CB와 16회차BW에 대해 각각 전환권과 신주인수권을 행사한 뒤 해당 주식을 모두 팔아 약 66억원 상당의 부당이득을 취했다는 내용이다. 검찰은 이 과정에서도 비덴트가 초록뱀 측에 무상 콜옵션 권리를 부여한 것으로 보고 있다.빗썸의 실소유주로 지목된 강종현씨는 최근 원영식 초록뱀미디어 회장에 대한 검찰 수사에 협조적인 것으로 파악됐다. 사진은 지난 2월 1일 서울남부지법에서 열린 구속영장실질심사에 출석하는 강씨의 모습. 뉴스1막대한 현금 조달력으로 코스닥 시장의 ‘큰 손’으로 통하는 원 회장은 1세대 기업사냥꾼 중 한 명으로 꼽힌다. 그는 20여년 전 코스닥 상장사에 대한 무자본 인수·합병(M&A) 과정의 사채업자로 출발, 이후 상장사가 발행하는CB·BW에 투자하는 등의 방식으로 부를 축적해 온 것으로 알려져 있다. 특히JYP나YG등 연예기획사에 투자해 큰 돈을 번 뒤 2015년 드라마 제작업체인 초록뱀미디어의 경영권을 인수하며 연예계의 대부로도 거듭났다.검찰과 금융당국은 그가 무자본 M&A 과정에서 허위·과장 공시 등 부정한 방법으로 주가를 띄운 뒤CB등으로 확보한 지분을 팔아 거액의 차익을 누려온 것으로 의심해 왔다. 이 때문에 2017년 4월 코스닥 상장사 홈캐스트 주가조작 사건에 연루돼 기소됐지만, 2020년 4월 대법원에서 무죄를 확정받았다. 업계에는 이후 무자본 M&A 시장의 과열이 그의 무죄 확정과 무관하지 않다는 평가도 있다.지난해 5월 문재인 정부가 폐지한 금융·증권범죄합동수사단을 되살리는 등 수사 역량을 재정비한 남부지검에선 최근 김성태 전 쌍방울그룹 회장, 배상윤KH그룹 회장, 김우동 조광ILI회장, 이준민 카나리아바이오엠 고문 등 원 회장과 같은 1세대 기업사냥꾼에 대한 소탕전이 한창이다. 검찰은 이들이 주로 에너지·바이오 관련 유망 상장사를 인수한 뒤 인위적으로 주가를 띄워 지분을 정리하는 방식으로 차익을 실현한 정황을 포착해 수사 중이다.금융범죄중점청인 서울남부지검은 최근 1세대 기업사냥꾼으로 꼽히는 주가조작 세력에 대한 전방위적인 수사를 벌이고 있다. 사진은 지난달 9일 서울 신정동 서울남부지검 본관 로비의 모습. 연합뉴스김우동 회장의 경우 지난 4월 코로나 테마주와 관련한 자본시장법상 사기적부정거래와 횡령·배임 등의 혐의로 구속기소돼 재판을 받고 있다. 이준민 고문도 지난 19일 에디슨모터스 주가조작을 주도한 혐의로 구속됐다. 검찰 관계자는 “합수단이 폐지된 기간 금융당국 등으로부터 넘어온 관련 첩보나 진정 등이 상당히 누적돼 있었던 것으로 안다”고 전했다.최근 수사 상황에 밝은 한 법조인은 “강씨에 대한 수사를 시작한 것도 애당초 원 회장을 겨냥한 것이란 게 정설”이라며 “검찰이 지금은 강씨와 공모관계에 있는 범죄사실로만 영장 범죄사실을 구성했지만, 앞으로 강씨와 무관한 원 회장의 시장교란 행위 의혹으로 수사망을 넓힐 가능성이 크다”고 말했다."
2023-04-11,"[Biz & Now] 코스피 상장사 8곳, 코스닥 28곳 상장폐지 사유 발생","10일 한국거래소에 따르면 지난해 재무제표에 대한 감사의견 미달로 코스피 상장사 8개사, 코스닥 상장사 28개사에서 상장폐지 사유가 발생했다. 코스피 상장사 중에선 인바이오젠과IHQ,세원이앤씨,KH필룩스, 일정실업 등이 감사의견 거절로 올해 첫 상장폐지 사유가 발생했다. 비케이탑스와 선도전기, 하이트론씨스템즈 등 3개사는 2년 연속 감사의견 거절을 받았다. 이들 기업은 14일 개선기간 종료 뒤 심의를 거쳐 상장폐지 여부가 결정된다. 코스닥에서는 뉴지랩파마와 국일제지, 버킷스튜디오, 비덴트,KH건설,KH전자 등 15개사에서 올해 처음 상장폐지 사유가 발생했다. 2년 연속 상장폐지 사유가 발생한 피에이치씨와 이즈미디어 등 10개사는 기업심사위원회의 심의에 따라 올해 증시 퇴출 여부가 가려진다. 국내 가상자산 거래소 빗썸 관련주도 이날 상장폐지 사유 발생 기업 목록에 이름을 올렸다. 빗썸의 최대주주 비덴트, 빗썸 관련 지분을 보유한 버킷스튜디오 등이다."
2023-01-09,"검찰, 빗썸 실소유주 의혹 강종현 조사…관계사 횡령 등 혐의","암호화폐 거래소 ‘빗썸’ 관련 횡령 의혹을 수사 중인 검찰이 빗썸의 실소유주로 지목된 강종현 씨를 9일 소환조사하고 있다.서울남부지검 금융조사2부(채희만 부장검사)는 이날 강종현 씨를 소환조사하고 있다고 밝혔다.검찰은 지난주 강 씨 동생이자 ‘빗썸 최대주주’인 비덴트의 대표이사 강지연 대표를 두 차례 불러 조사했다.이들은 주가조작으로 자본시장을 교란하고 회삿돈을 빼돌린 혐의를 받는다.검찰은 강 씨 남매가 빗썸 매각과 관련한 허위 정보를 퍼뜨리고 주가를 조작했는지 여부에 대해 집중적으로 살펴보고 있다. 또 전환사채 발행을 통해 회삿돈을 빼돌리고 이를 통해 비자금을 조성한 건 아닌지에 대해서도 들여다보고 있다.검찰은 지난해부터 빗썬 관계사들의 횡령·배임 및 주가조작 혐의를 수사 중이다.지난해 10월엔 빗썸 최대주주인 비덴트와 비덴트의 최대주주 인바이오젠, 버킷스튜디오 등을 압수수색했고 회사 임원진과 직원을 대상으로 한 조사도 진행 중이다.지난해 12월에는 비덴트 임원 1명을 증거인멸 및 은닉 혐의로 재판에 넘기기도 했다."
2022-12-30,"검찰 수사 받던 '빗썸 주주회사' 부사장, 자택서 숨진 채 발견","리플, 비트코인, 이더리움 등 암호화폐. 로이터=연합최근 횡령과 주가조작 혐의로 검찰 수사를 받아오던 ‘비덴트’ 임원이 숨진 채 발견됐다. 비덴트는 가상화폐거래소 ‘빗썸’의 주주 회사다.비덴트 부사장 박모씨는 30일 오전 서울 동작구 자택에서 투신해 목숨을 끊은 것으로 전해진다.숨진 박씨는 비덴트, 인바이오젠, 버킷스튜디오 등 ‘빗썸 관계사’ 3곳의 공시 총괄 책임자였다. 앞서 서울남부지검 금융조사2부(부장 채희만)는 지난 10월 해당 회사들에 수사관을 보내 압수 수색을 하며 본격적인 수사에 착수한 바 있다.박씨는 또 비덴트의 최대주주로 알려진 강모씨 남매 밑에서 회계 담당 업무도 맡았던 것으로 알려졌다. 강씨 남매는 주가조작과 전환사채 발행 등을 통해 부당이득을 벌고 차명으로 설립한 회사에 돈을 빼돌려 비자금을 만든 의혹을 받는다.한편 검찰은 지난달 16일 빗썸 관계사 임원 A씨를 증거인멸 및 은닉 혐의로 재판에 넘겼다. A씨는 압수 수색을 앞두고 투자 관련 자료들을 숨기고 없앤 혐의를 받는다."
2022-11-11,[단독]‘증거인멸 혐의 구속’ 빗썸 관계사 임원 “석방해 달라”…법원 기각,"가상자산거래소 ‘빗썸’의 관계사 버킷스튜디오의 임원이 증거인멸 혐의로 구속된 뒤 석방을 요청하며 적부심사(適否審査)를 청구했지만, 법원이 받아들이지 않은 것으로 11일 확인됐다. 이날 법조계에 따르면 서울남부지법 형사항소2부는 지난 8일 버킷스튜디오 임원 이모씨가 청구한 구속적부심을 전날(10일) 기각했다.서울 양천구 소재 서울남부지검 청사 모습. 뉴스1구속적부심이란 구속된 피의자가 구속의 적법성과 필요성을 다시 판단해 달라며 관할법원에 요청하는 절차다. 법원은 심리를 거쳐 이씨에 대한 구속영장 발부는 적법하고, 구속의 필요성이 인정된다고 판단했다. 이씨에 대한 영장실질심사를 맡은 서울남부지법 권기만 영장전담 부장판사는 지난달 28일 “증거인멸과 도망 우려가 있다”며 구속영장을 발부했었다.이씨는 검찰이 강제수사에 착수하기 전 회사에 있던 컴퓨터 등 관련 자료를 빼돌리고, 폐쇄회로(CC)TV저장 화면을 삭제한 혐의로 지난달 26일 구속영장이 청구됐다. 그는 검찰이 회사 직원들의 휴대전화가 검찰 수사 전 모두 교체되는 데 관여한 것으로도 조사됐다. 버킷스튜디오와 비덴트, 인바이오젠 등 빗썸 관계사 경영진의 횡령 등 혐의를 수사하고 있는 서울남부지검 금융조사2부(부장 채희만)는 지난 7일 관련 업체들을 압수수색했다.이씨는 조사 과정에서 “증거를 인멸하려 한 게 아니라 보안을 강화하기 위한 차원에서 (컴퓨터 등을 교체) 한 것이다”며 “우연의 일치일 뿐”이란 취지로 혐의를 부인했다고 한다. 이씨는 법관 출신 변호사를 선임해 영장실질심사 및 구속적부심 과정에서 이런 주장을 펼쳤지만, 법원은 그의 주장을 받아들이지 않았다.검찰은 구속 상태의 이씨를 상대로 증거인멸 혐의의 배경을 집중적으로 확인할 예정이다. 이씨가 누군가의 지시를 받아 증거인멸을 했는지 여부가 핵심 조사 대상이다.특히 검찰은 이 사건의 핵심인물이자 빗썸의 실소유주라는 의혹이 제기된 강모씨의 횡령 등 혐의 수사에 속도를 붙일 방침이다. 빗썸은 지난 9일 입장을 내고 “강씨 관련 의혹은 빗썸을 운영하는 빗썸코리아와 전혀 관계가 없다”며 “(강씨는) 당사에 임직원 등으로 재직하거나 경영에 관여한 사실이 없다”고 밝혔다."
2022-11-09,"'박민영 전 남친' 재력가 실체…""빚 100억인데 하룻밤 술값 1억""","최근 배우 박민영과 열애설이 난 사업가 강종현이 신용불량자임에도 엄청난 규모의 씀씀이를 자랑해 그 배경에 관심이 모였다.MBC캡처최근 배우 박민영과 열애설이 난 사업가 강종현이 신용불량자임에도 호화 생활을 즐긴 것으로 전해져 그 배경에 관심이 모였다.지난 8일MBC‘PD수첩’은 강종현씨와 그의 여동생이자 비덴트의 최대주주인 강지연씨 등 빗썸 지배구조에 대한 의혹과 빗썸이 코인 상장 시 ‘뒷돈’을 받았다는 의혹 등에 대해 방송했다.이날PD수첩은 강종현이 ‘숨은 빗썸 회장’으로 불리며 2017~2020년까지 강남 유명 클럽에서 하룻밤 술값으로 1~3억원을 사용했다고 보도했다.또 강종현이 일명 텐프로 여종업원 10명, 마담 등과 함께 클럽을 찾는 일도 있었으며, 값비싼 샴페인 등을 시켜 술값만 1억원씩 쓰는 일도 매우 흔했다고 했다.이후 강종현은 배우 박민영과의 열애설이 디스패치를 통해 보도되며 관심 받자, 자신은 휴대폰 사업을 통해 돈을 벌었을 뿐 친구 집에 얹혀살며, 주차장에 있는 많은 슈퍼카들은 다른 사람들의 것이라고 해명했다.최근 배우 박민영과 열애설이 난 사업가 강종현이 신용불량자임에도 호화 생활을 즐긴 것으로 전해져 그 배경에 관심이 모였다.MBC캡처또 그는 디스패치를 통해 박민영과 데이트를 할 때 착용하고 있던 5억원짜리 명품 시계에 대해 “짝퉁일 뿐”이라고 해명했다.그는 수억원짜리 슈퍼카들은 자신의 소유가 아니라고 주장하기도 했으며 그중 한 대에 대해서는 성유리의 남편인 골프 선수 출신 안성현 코치의 것이라고 말했다.빗썸은 국내 2위 가상화폐 거래소다. 위탁 받은 자산만 11조가 넘는다.강종현은 휴대전화 판매 실적을 부풀렸고, 이를 담보로 대출 35억원을 받은 혐의로 징역 2년6개월, 집행유예 3년을 선고받았다.대출금 20억원은 상환하지 않은 상태다. 회사 명의를 빌려주고 세 차례에 걸쳐 총 100억원 대출을 받았지만, 이 역시 본인 명의 재산이 없어 대출 금액을 갚지 않았다. 이에 “대출 은닉을 하는 것으로 보인다”는 의혹이 나오고 있다.강종현이 대출 사기 유죄판결을 받은 뒤 2년 만에 여동생 강지연은 230억원을 투자해 비트갤럭시아 1호 투자조합을 인수했다. 버킷스튜디오와 인바이오젠, 비덴트 3개사 대주주가 되면서 경영권을 장악했다.남청우 소액주주운동 사무국장은 “230억원으로 3개사를 한 번에 인수하고 경영권을 차지하는 건 자본시장에서 불가능하다”며 “뒤에 ‘쩐주’(돈줄)가 있다고 의심할 수 밖에 없다”고 지적했다.빗썸코리아 홍보상무는 숨은 빗썸 회장이라고 불리는 강종현에 대해 “(강종현)은 재직한 적도 없고 회장이라는 타이틀을 준 적도 없다”고 밝혔다.MBC캡처빗썸코리아 홍보상무는 “이분(강종현)은 재직한 적도 없고 회장이라는 타이틀을 준 적도 없다”며 “저희랑 관련 없는 사람”이라고 했다. 빗썸의 현재 대주주는 이정훈 전 의장이다. 창업주이자 빗썸홀딩스의 의장을 지낸 이정훈 전 의장은 65%의 지분을 확보하고 있다.빗썸은 암호화폐의 상장과 폐지를 자체적으로 결정할 수 있는데 개발 사업을 하는 Q사는 “상장을 위해 뒷돈을 줬다”고 증언했다.Q사 대표는 상장을 위한 돈과 함께 마케팅 비용을 지불했다며 관련 서류를 공개했다. 상장비 10억원과, 마케팅비 20억원 등 총 30억원 가량의 금액을 지불했다고 했다.그러나 빗썸 측은 거래소 차원에서 상장 대가를 받은 적이 없다고 밝혔다."
2022-10-27,"'횡령 의혹' 빗썸 관계사 임원, 구속영장…""증거인멸 혐의""","서울 양천구 서울남부지방검찰청. 뉴스1암호화폐거래소 '빗썸' 관계사 경영진의 횡령 의혹을 수사 중인 검찰이 버킷스튜디오 임원에 대해 구속영장을 청구했다.서울남부지검 금융조사2부(채희만 부장검사)는 증거인멸 및 은닉 혐의로 버킷스튜디오 임원 A씨에 대해 구속영장을 청구했다고 27일 밝혔다. 버킷스튜디오는 빗썸홀딩스(빗썸을 운영하는 빗썸코리아의 대주주)의 모회사격이다.A씨는 검찰이 빗썸 관계사에 대한 강제수사에 들어가기 직전 회사 주요 자료를 빼돌리고 폐쇄회로(CC)TV저장 화면을 삭제한 혐의를 받는다.검찰은 비덴트, 인바이오젠, 버킷스튜디오 등 빗썸 관계사 경영진의 횡령 혐의를 포착해 지난 7일 해당 업체를 압수수색하는 등 본격적인 수사에 착수했다.A씨의 구속 전 피의자 신문(영장실질심사)은 28일 오전 10시 30분 서울남부지법에서 열린다.한편 검찰은 빗썸 실소유주 의혹을 받는 강모씨의 횡령 혐의를 포착하고 수사를 확대하고 있다."
2023-02-20,"‘빗썸 실소유주 의혹’ 강종현, ‘620억원 횡령’ 혐의 기소","빗썸 관계사 회삿돈 빼돌리고 주가조작한 혐의빗썸 실소유주로 알려진 사업가 강종현 씨가 지난 1일 횡령·배임 의혹 영장심사를 받기 위해 서울남부지법에 들어가고 있다. 연합뉴스가상자산(암호화폐) 거래소 ‘빗썸’의 실소유주로 알려진 사업가 강종현씨가 배임·횡령 혐의로 재판에 넘겨졌다.서울남부지검 금융조사2부(부장 채희만)은 20일 강씨를 특정경제범죄가중처벌법상 배임·횡령, 자본시장법상 사기상 부정거래 혐의로 구속 기소했다고 밝혔다. 강씨는 여동생 강지연씨와 공모해 빗썸 관계사인 비덴트와 인바이오젠, 버킷스튜디오 등에서 회삿돈 620억원을 빼돌리고 주가 조작과 전환사채(CB) 발행을 통해 부당이득을 취한 혐의를 받는다.검찰은 지난 2일 구속된 강씨에 대해 구속기간 연장을 신청했으며, 구속 마지막 날인 이날 강씨를 재판에 넘겼다. 강씨의 측근인 빗썸 비상장 관계사 대표 조아무개씨, 강씨의 지시를 받은 회계 담당자 조아무개씨도 함께 기소됐다.검찰은 강씨 남매가 공모해 회삿돈을 빼돌리거나 주가를 조작한 정황을 포착하고 지난해 10월 비덴트와 인바이오젠, 버킷스튜디오 등 빗썸 관계사를 압수수색했다. 지난 13일에는 강씨와 열애설이 보도됐던 배우 박민영씨를 참고인 신분으로 소환해 강씨의 혐의에 관여했는지 조사하기도 했다. 비덴트는 빗썸코리아의 지주사이자 최대주주이며, 강씨의 여동생은 비덴트의 최대 주주인 인바이오젠과, 인바이오젠의 최대 주주인 버킷스튜디오의 대표이사다."
2022-12-30,검찰 조사받던 ‘빗썸 최대주주’ 비덴트 부사장 숨진 채 발견,"빗썸 실소유주 의혹 남매 회계 업무 맡아서울 강남구 빗썸 상담센터. 신소영 기자viator@hani.co.kr가상자산 거래소 빗썸의 최대주주와 경영진의 횡령 혐의와 관련해 검찰 조사를 받던 빗썸의 최대주주 회사 비덴트의 임원이 숨졌다.30일 서울 동작경찰서·남부지검 설명 등을 종합하면, 이날 새벽 빗썸 관계사 비덴트의 부사장 박아무개씨가 서울 동작구의 자택 앞에서 숨진 채 발견됐다. 경찰은 타살 혐의점은 없는 것으로 보고 있다.박씨는 빗썸 관계사들의 횡령과 주가조작 혐의로 검찰 수사를 받고 있었다. 그는 빗썸의 실소유주 의혹이 제기됐던 강종현씨, 강지연씨 남매의 회계 업무를 맡았던 것으로 알려졌다. 강씨 남매는 주가조작과 전환사채 발행 등을 통해 부당이익을 벌어들이고 차명으로 설립한 회사에 돈을 빼돌려 비자금을 만든 의혹을 받는다. 숨진 박씨에 대한 검찰 수사는 공소권 없음으로 종결될 전망이다.코스닥 상장사인 비덴트는 빗썸홀딩스의 지분 34.22%를 보유한 빗썸의 단일 최대주주다. 비덴트의 최대주주는 인바이오젠이고, 인바이오젠의 최대주주는 버킷스튜디오다. 인바이오젠과 버킷스튜디오의 대표이사는 강지연씨다. 다만 빗썸은 지난 9월30일 입장문을 내어 “강종현씨는 당사에 임직원 등으로 재직하거나 경영에 관여한 사실이 없다”며 강씨의 빗썸 실소유주 의혹을 부인한 바 있다.서울남부지검 금융조사2부(부장 채희만)는 지난 10월7일 인바이오젠, 비덴트, 버킷스튜디오 등에 수사관을 보내 압수수색을 벌이며 본격적인 수사에 착수했다.※우울감 등 말하기 어려운 고민으로 전문가의 도움이 필요한 경우 자살예방 핫라인 ☎️1577-0199, 희망의 전화 ☎️129, 생명의 전화 ☎️1588-9191, 청소년 전화 ☎️1388 등에 전화하면 24시간 전문가 상담을 받을 수 있습니다."
2022-10-07,"검찰, ‘강종현 실소유 의혹’ 빗썸 관계사 압수수색","최대주주·경영진 횡령 혐의<한겨레> 자료사진가상자산 거래소 빗썸의 최대주주와 경영진의 횡령 혐의와 관련해 검찰이 빗썸 관계사들에 대한 압수수색에 나섰다.서울남부지검 금융조사2부(부장 채희만)는 7일 인바이오젠, 비덴트, 버킷스튜디오 등에 수사관을 보내 압수수색을 벌이고 있다. 다만 빗썸은 이번 압수수색 대상에서 제외된 것으로 알려졌다.코스닥 상장사인 비덴트는 빗썸홀딩스의 지분 34.22%를 보유한 빗썸의 단일 최대주주다. 비덴트의 최대주주는 인바이오젠이고, 인바이오젠의 최대주주는 버킷스튜디오다.인바이오젠과 버킷스튜디오의 대표이사는 배우 박민영씨와 열애설이 불거진 강종현씨의 동생 강지연씨다. 앞서 연예전문매체 <디스패치>가 열애설을 보도하며 강종현씨가 인바이오젠과 버킷스튜디오의 실소유자라는 의혹을 제기하자 빗썸은 지난달 30일 입장문을 내어 “강씨는 당사에 임직원 등으로 재직하거나 경영에 관여한 사실이 없다”고 관련성을 부인했다."
2023-02-02,‘빗썸 실소유주 의혹’ 강종현 구속…주가조작·횡령 혐의,"서울남부지법 구속영장 발부빗썸 실소유주로 알려진 사업가 강종현 씨가 지난 1일 횡령·배임 의혹 영장심사를 받기 위해 서울남부지법에 들어가고 있다. 연합뉴스가상자산(암호화폐)거래소 ‘빗썸’의 실소유주 의혹이 있는 강종현씨가 관계사 횡령·배임 등의 혐의로 2일 구속됐다.서울남부지법 권기만 영장전담 부장판사는 이날 새벽 특정경제범좌가중처벌법상 횡령·배임, 자본시장법상 사기적 부정거래 혐의를 받는 강씨와 강씨의 측근인 빗썸 관계사 대표 조아무개씨에 대해 “도망과 증거인멸 염려가 있다”며 영장을 발부했다. 이들과 다른 직원 조아무개씨에 대한 영장은 기각됐다.강씨는 여동생과 공모해 빗썸 관계사의 주가를 조작하고 회삿돈을 빼돌린 혐의를 받고 있다. 비덴트는 빗썸코리아의 지주사이자 최대주주다. 강씨의 여동생은 비덴트의 최대 주주인 인바이오젠과, 인바이오젠의 최대 주주인 버킷스튜디오의 대표이사다. 오빠인 강종현씨는 동생을 통해 영향력을 행사했다고 알려져 있다."
2023-01-10,"국세청, 빗썸코리아·빗썸홀딩스 특별 세무조사 착수",서울 강남구 빗썸 상담센터. 신소영 기자viator@hani.co.kr국세청이 국내 2위 가상자산(암호화폐) 거래소 ‘빗썸’을 운영하는 빗썸코리아와 모기업인 빗썸홀딩스를 대상으로 특별 세무조사에 착수했다.10일 과세 당국과 업계 등에 따르면 국세청은 이날 서울 강남구 소재 빗썸코리아와 빗썸홀딩스를 찾아 조사를 벌였다. 이번 세무조사는 서울지방국세청 조사4국이 담당하는 것으로 알려졌다. 서울청 조사4국은 비정기(특별) 세무조사를 주로 전담하는 조직이다. 서울청 조사4국은 앞서 지난 2018년에도 빗썸코리아를 상대로 특별 세무조사를 실시해 세금 800억원대를 추징한 바 있다.국세청은 빗썸코리아 및 빗썸홀딩스와 관계사의 국내·외 거래를 살펴보면서 탈세 여부를 조사하고 있다. 국세청이 조사를 통해 빗썸 실소유주이자 관계사 횡령 사건의 핵심 인물이라는 의혹을 받는 사업가 강종현씨와 강씨 동생 강지연씨의 탈세 정황을 확인하리라는 관측도 나온다.현재 빗썸은 이니셜1호투자조합→버킷스튜디오→인바이오젠→비덴트→빗썸홀딩스→빗썸코리아로 이어지는 지배 구조를 갖고 있다. 강지연씨는 버킷스튜디오와 인바이오젠 대표이사를 맡고 있다. 강종현씨는 최근 배우 박민영과의 열애설로도 화제가 됐다. 검찰은 최근 횡령 혐의를 받는 강씨 남매를 소환해 조사한 바 있다.
